id,name,chain_name,verification_status,prefecture,city,address,official_url,official_store_id,latitude,longitude,coordinate_source,coordinate_checked_at
"001524b3-b262-42ce-a31c-745b5ffbcb6f","GiGOラパーク岸和田","GiGO","candidate","大阪府","null","大阪府岸和田市春木若松町21-1ラパーク岸和田店2F","https://www.gendagigo.jp/shop.html","null","34.4791","135.3927","GiGO公式店舗詳細(Google Mapsリンク)","2026-07-22"
"0335ed6d-fc50-41a7-bec3-aa948cc1844a","ビックカメラなんば店","ビックカメラ","candidate","大阪府","null","大阪府大阪市中央区千日前2-10-1","https://www.biccamera.com/bc/i/shop/shoplist/index.jsp","null","34.6666726","135.5025827","バンダイ公式店舗API(住所完全一致)","2026-07-22"
"03fa2a53-5ec3-4981-8e70-77adda757c80","GiGOクレーンゲームオアシス ワンズモール","GiGO","candidate","千葉県","null","千葉県千葉市稲毛区長沼町330-50 ワンズモール3F","https://www.gendagigo.jp/shop.html","null","35.6573","140.117","GiGO公式店舗詳細(Google Mapsリンク)","2026-07-22"
"04451631-f244-4edb-8809-b74e97798836","GiGOアピタ各務原","GiGO","candidate","岐阜県","null","岐阜県各務原市鵜沼各務原町8-7 アピタ各務原店 2F","https://www.gendagigo.jp/shop.html","null","35.3979","136.9048","GiGO公式店舗詳細(Google Mapsリンク)","2026-07-22"
"04970c95-3658-4129-8326-47422a427bac","GiGOイオン鴻池","GiGO","candidate","大阪府","null","大阪府東大阪市鴻池町1-1-72イオン鴻池店2F","https://www.gendagigo.jp/shop.html","null","34.6985","135.6035","GiGO公式店舗詳細(Google Mapsリンク)","2026-07-22"
"04bd9255-645e-459b-81fe-d4e36db49aec","GiGO諫早","GiGO","candidate","長崎県","null","長崎県諫早市小川町90-1","https://www.gendagigo.jp/shop.html","null","32.8315","130.0553","GiGO公式店舗詳細(Google Mapsリンク)","2026-07-22"
"05cf372f-33b0-4c53-994c-48c7a62414db","カプセル楽局大山ハッピーロード店","カプセル楽局","confirmed","東京都","null","東京都板橋区大山町31番2号トレジャリィ大山","https://www.warehousenet.jp/capsule","null","35.7763212","139.6270739","カプセル楽局公式Google Mapsリンク","2026-07-22"
"05ececfa-9a6d-460f-a42b-57f008d1698f","GiGOアル・プラザ八日市","GiGO","candidate","滋賀県","null","滋賀県東近江市八日市浜野町3-1 ショッピングプラザアピア 4F","https://www.gendagigo.jp/shop.html","null","35.1146","136.1965","GiGO公式店舗詳細(Google Mapsリンク)","2026-07-22"
"06b67b9d-1dfd-41a2-b08d-6cabe1d58036","カプセル楽局弘明寺店","カプセル楽局","confirmed","神奈川県","null","神奈川県横浜市南区大岡2丁目2番19号","https://www.warehousenet.jp/capsule","null","35.423094","139.60108","カプセル楽局公式Google Mapsリンク","2026-07-22"
"0864b120-f595-4057-84f2-09a370fbf19f","GiGO神戸umieモザイク 2F","GiGO","candidate","兵庫県","null","兵庫県神戸市中央区東川崎町1-6-1","https://www.gendagigo.jp/shop.html","null","34.6798","135.1844","GiGO公式店舗詳細(Google Mapsリンク)","2026-07-22"
"08692f57-ed5d-4adb-bcfa-dfc3bb52ce02","GiGO高松","GiGO","candidate","香川県","null","香川県高松市勅使町山王535","https://www.gendagigo.jp/shop.html","null","34.3085","134.0185","GiGO公式店舗詳細(Google Mapsリンク)","2026-07-22"
"0b857c92-6238-45b4-b3ff-d6c3ab42025b","ヨドバシカメラ マルチメディア博多","ヨドバシカメラ","candidate","福岡県","null","福岡県福岡市博多区博多駅中央街6-12","https://global.yodobashi/stores","null","33.5880931","130.4218009","バンダイ公式店舗API(店舗名完全一致)","2026-07-22"
"0e31dc50-071f-4839-a7c4-3722636b0165","GiGO神戸umieサウスモール","GiGO","candidate","兵庫県","null","兵庫県神戸市中央区東川崎町1-7-2A-408","https://www.gendagigo.jp/shop.html","null","34.6796","135.1816","GiGO公式店舗詳細(Google Mapsリンク)","2026-07-22"
"0e3b0606-0b80-4471-94f4-579e5932e75a","カプセル楽局千歳船橋店","カプセル楽局","confirmed","東京都","null","東京都世田谷区船橋1丁目9番21号 千歳船橋カクハチ第1ビル 1階","https://www.warehousenet.jp/capsule","null","35.6480455","139.6237716","カプセル楽局公式Google Mapsリンク","2026-07-22"
"0ec0dab3-f3d4-42c4-b02b-b03d0d9b5e90","カプセル楽局神田店","カプセル楽局","confirmed","東京都","null","東京都千代田区内神田2丁目9番11号 神田森田リズム共同ビル","https://www.warehousenet.jp/capsule","null","35.6911","139.7688","カプセル楽局公式Google Mapsリンク","2026-07-22"
"0edadfc6-6598-4028-b51c-6b5f414b48fc","GiGOイオンモール高松","GiGO","candidate","香川県","null","香川県高松市香西本町1-1 イオンモール高松2F","https://www.gendagigo.jp/shop.html","null","34.3520547","134.0047999","バンダイ公式店舗API(住所完全一致)","2026-07-22"
"0f30284c-84cc-4b76-a40f-1c303d2348fc","GiGOアピタ島田","GiGO","candidate","静岡県","null","静岡県島田市宝来町8-2 アピタ島田店 2F","https://www.gendagigo.jp/shop.html","null","34.8269","138.1853","GiGO公式店舗詳細(Google Mapsリンク)","2026-07-22"
"11689617-3340-4ea5-b724-4330ce5daa7b","GiGOイトーヨーカドー八王子","GiGO","candidate","東京都","null","東京都八王子市狭間町1462番地1 イトーヨーカドー八王子店3階","https://www.gendagigo.jp/shop.html","null","35.638","139.2935","GiGO公式店舗詳細(Google Mapsリンク)","2026-07-22"
"118e51e8-a2c5-497b-b4db-c490dfc910d9","カプセル楽局笹塚十号通り店","カプセル楽局","confirmed","東京都","null","東京都渋谷区笹塚2丁目41番22号","https://www.warehousenet.jp/capsule","null","35.6756063","139.6653747","カプセル楽局公式Google Mapsリンク","2026-07-22"
"11ba780d-65ba-4744-aee7-85b9ef30d020","ガチャガチャの森PAPA上尾","ガチャガチャの森","confirmed","埼玉県","null","埼玉県上尾市緑丘3-3-11 PAPA上尾ショッピング アヴェニュー プリンセス棟2F","https://www.gachagachanomori.com/shoplist","null","35.986404","139.579102","既存登録座標(住所完全一致)","2026-07-22"
"125e7535-0313-4b48-927d-10a05f19d575","ヨドバシカメラ マルチメディア錦糸町","ヨドバシカメラ","candidate","東京都","null","東京都墨田区江東橋3-14-5 テルミナ1F - 3F","https://global.yodobashi/stores","null","35.6964465","139.8139269","バンダイ公式店舗API(店舗名完全一致)","2026-07-22"
"13a49773-84ed-4648-9ad1-2d93aa10b657","GiGOイオンモール日根野","GiGO","candidate","大阪府","null","大阪府泉佐野市日根野2496-1イオンモール日根野2F","https://www.gendagigo.jp/shop.html","null","34.3930194990262","135.333583267853","バンダイ公式店舗API(住所完全一致)","2026-07-22"
"1752d114-ac0d-434d-bded-bde57dfafd23","GiGO六本木","GiGO","candidate","東京都","null","東京都港区六本木7-14-11 メトロシティ六本木 1F~4F","https://www.gendagigo.jp/shop.html","null","35.6632","139.7316","GiGO公式店舗詳細(Google Mapsリンク)","2026-07-22"
"177219a9-78ae-4efa-876e-d03924ab856c","GiGO高城","GiGO","candidate","大分県","null","大分県大分市牧1-151-8","https://www.gendagigo.jp/shop.html","null","33.2417","131.6373","GiGO公式店舗詳細(Google Mapsリンク)","2026-07-22"
"1795298c-3f2a-447b-bca5-d8fd903413b3","ヨドバシカメラ マルチメディア新宿東口","ヨドバシカメラ","candidate","東京都","null","東京都新宿区新宿3-26-7","https://global.yodobashi/stores","null","35.6916892","139.7018233","バンダイ公式店舗API(住所完全一致)","2026-07-22"
"1967a163-d21f-4ec1-bda3-cd0f1feedba1","GiGOイオンスタイル東神奈川","GiGO","candidate","神奈川県","null","神奈川県横浜市神奈川区富家町1 イオンスタイル東神奈川 4F","https://www.gendagigo.jp/shop.html","null","35.4799","139.6327","GiGO公式店舗詳細(Google Mapsリンク)","2026-07-22"
"19e77efa-fc1a-40a9-8d70-df1e61d1ffca","GiGO入間","GiGO","candidate","埼玉県","null","埼玉県入間市東藤沢2-18","https://www.gendagigo.jp/shop.html","null","35.8192","139.4182","GiGO公式店舗詳細(Google Mapsリンク)","2026-07-22"
"1acbf2af-0231-4b2d-abe8-19180002bf39","GiGOアリオ鳳","GiGO","candidate","大阪府","null","大阪府堺市西区鳳南町3-199-12 アリオ鳳店 3F","https://www.gendagigo.jp/shop.html","null","34.524","135.4602","GiGO公式店舗詳細(Google Mapsリンク)","2026-07-22"
"1c39e0ed-7b59-4cd2-82a1-ee27e89fdbeb","GiGOトナリエクレオつくば","GiGO","candidate","茨城県","null","茨城県つくば市吾妻1-7-1 トナリエクレオ 3F","https://www.gendagigo.jp/shop.html","null","36.0807","140.112","GiGO公式店舗詳細(Google Mapsリンク)","2026-07-22"
"1de766a8-5d71-43fa-b937-1ab961f8d91e","GiGOイオンモール岡山","GiGO","candidate","岡山県","null","岡山県岡山市北区下石井1丁目2番1号-1604","https://www.gendagigo.jp/shop.html","null","34.6623","133.917","GiGO公式店舗詳細(Google Mapsリンク)","2026-07-22"
"1e067edb-e412-4d67-9f3c-ed97d07c516c","GiGOクレーンゲームオアシス ベアーズモール清武","GiGO","candidate","宮崎県","null","宮崎県宮崎市清武町正手2-37-8 ベアーズモール清武","https://www.gendagigo.jp/shop.html","null","31.8617","131.3873","GiGO公式店舗詳細(Google Mapsリンク)","2026-07-22"
"1f273076-c042-453d-a1c3-a856d8229ecc","GiGOキテミテマツド","GiGO","candidate","千葉県","null","千葉県松戸市松戸1307-1 キテミテマツド6階","https://www.gendagigo.jp/shop.html","null","35.7825","139.8987","GiGO公式店舗詳細(Google Mapsリンク)","2026-07-22"
"1f988b81-5b02-48f9-a2dd-47bd5fd86049","GiGO松江","GiGO","candidate","島根県","null","島根県松江市嫁島町12-15","https://www.gendagigo.jp/shop.html","null","35.4501","133.0479","GiGO公式店舗詳細(Google Mapsリンク)","2026-07-22"
"20608eef-76a9-4afd-b1f0-f171f01a719f","GiGO MEGAドン・キホーテUNY本庄","GiGO","candidate","埼玉県","null","埼玉県本庄市南1-2-10 MEGAドン・キホーテUNY本庄店 1F","https://www.gendagigo.jp/shop.html","null","36.2369","139.1827","GiGO公式店舗詳細(Google Mapsリンク)","2026-07-22"
"21ad8937-179b-4597-847d-7684c94c0ef8","GiGOイオン北小金","GiGO","candidate","千葉県","null","千葉県松戸市小金1番地イオン北小金店5F","https://www.gendagigo.jp/shop.html","null","35.8324","139.9318","GiGO公式店舗詳細(Google Mapsリンク)","2026-07-22"
"24fa6122-85ea-4a18-a161-98afe404b00e","GiGOアル・プラザ茨木","GiGO","candidate","大阪府","null","大阪府茨木市上郡2丁目12番地8号","https://www.gendagigo.jp/shop.html","null","34.8379","135.5555","GiGO公式店舗詳細(Google Mapsリンク)","2026-07-22"
"25a53db5-b05d-4c73-a107-da9fea523e1e","GiGOアピタパワー新潟亀田","GiGO","candidate","新潟県","null","新潟県新潟市江南区鵜ノ子4-466 アピタパワー新潟亀田店 2F","https://www.gendagigo.jp/shop.html","null","37.8726","139.0896","GiGO公式店舗詳細(Google Mapsリンク)","2026-07-22"
"2685e8e3-216f-4a6e-a086-ab6d78f793f0","GiGO西武東戸塚SC","GiGO","candidate","神奈川県","null","神奈川県横浜市戸塚区品濃町537-1 西武東戸塚S.C.3階","https://www.gendagigo.jp/shop.html","null","35.4301","139.5584","GiGO公式店舗詳細(Google Mapsリンク)","2026-07-22"
"26f87568-e17b-4b6f-a155-a99602cd5b44","GiGO MEGAドン・キホーテUNY鈴鹿","GiGO","candidate","三重県","null","三重県鈴鹿市南玉垣町3628 MEGAドン・キホーテUNY鈴鹿店 2F","https://www.gendagigo.jp/shop.html","null","34.853","136.5822","GiGO公式店舗詳細(Google Mapsリンク)","2026-07-22"
"29eace4f-814b-4bf4-945b-c662d809cf63","GiGOアル・プラザ香里園","GiGO","candidate","大阪府","null","大阪府寝屋川市日新町5番5号","https://www.gendagigo.jp/shop.html","null","34.7835","135.6234","GiGO公式店舗詳細(Google Mapsリンク)","2026-07-22"
"2b677df7-ee1b-4807-8486-aea138ac88ce","GiGOそよら今治馬越","GiGO","candidate","愛媛県","null","愛媛県今治市馬越町4-8-1 イオンスタイル今治馬越","https://www.gendagigo.jp/shop.html","null","34.0562","132.9798","GiGO公式店舗詳細(Google Mapsリンク)","2026-07-22"
"2b6c79f9-ed2b-4fe6-b69a-6ba6eb5c53e5","GiGOイオンモール苫小牧","GiGO","candidate","北海道","null","北海道苫小牧市柳町3丁目1番20号イオンモール苫小牧内","https://www.gendagigo.jp/shop.html","null","42.657","141.6442","GiGO公式店舗詳細(Google Mapsリンク)","2026-07-22"
"2c864f0b-2457-4102-889c-5d59fb3b1160","GiGOららテラスTOKYO-BAY","GiGO","candidate","千葉県","null","千葉県船橋市若松2丁目2番1号ららテラスTOKYO-BAY 1F","https://www.gendagigo.jp/shop.html","null","35.6816","139.9952","GiGO公式店舗詳細(Google Mapsリンク)","2026-07-22"
"2ed42e6d-d9c7-44ba-b1f6-f9f0a4871458","GiGO天満屋ハピータウン原尾島","GiGO","candidate","岡山県","null","岡山県岡山市中区原尾島1-6-20 天満屋ハピータウン原尾島店内3F","https://www.gendagigo.jp/shop.html","null","34.6721","133.9471","GiGO公式店舗詳細(Google Mapsリンク)","2026-07-22"
"2f825330-d8ce-441d-95f2-7f8ba098f49e","カプセル楽局浅草ROX・3G店","カプセル楽局","confirmed","東京都","null","東京都台東区浅草1丁目25番15号 浅草ROX3G 2F","https://www.warehousenet.jp/capsule","null","35.7125674","139.7935966","カプセル楽局公式Google Mapsリンク","2026-07-22"
"30d34802-436c-41f1-8e3c-131778d820d2","GiGO武雄","GiGO","candidate","佐賀県","null","佐賀県武雄市武雄町富岡12517-1","https://www.gendagigo.jp/shop.html","null","33.1994","130.0346","GiGO公式店舗詳細(Google Mapsリンク)","2026-07-22"
"30e9cfeb-bf08-449c-bc29-a5cbc7d52e59","GiGOららぽーとTOKYO-BAY","GiGO","candidate","千葉県","null","千葉県船橋市浜町2丁目1番1号 ららぽーとTOKYO-BAY西館3階","https://www.gendagigo.jp/shop.html","null","35.687","139.9887","GiGO公式店舗詳細(Google Mapsリンク)","2026-07-22"
"3182aed2-1ebb-48cd-bf41-b66a70d048c3","ヨドバシカメラ マルチメディア吉祥寺","ヨドバシカメラ","candidate","東京都","null","東京都武蔵野市吉祥寺本町1-19-1","https://global.yodobashi/stores","null","35.704697","139.5815099","バンダイ公式店舗API(店舗名完全一致)","2026-07-22"
"3189bfb6-2ade-4c83-90c7-26becbd4905b","ビックカメラ名古屋駅西店","ビックカメラ","candidate","愛知県","null","愛知県名古屋市中村区椿町6-9","https://www.biccamera.com/bc/i/shop/shoplist/index.jsp","null","35.17030334","136.87956238","gashacoco公式店舗詳細(JSON-LD)(住所完全一致)","2026-07-22"
"321926ca-76bd-4892-9fca-8df3e7bf6c59","カプセル楽局高円寺パル商店街店","カプセル楽局","confirmed","東京都","null","東京都杉並区高円寺南3丁目46番10号 高円寺EMAビル1F","https://www.warehousenet.jp/capsule","null","35.7033789","139.6474748","カプセル楽局公式Google Mapsリンク","2026-07-22"
"35af5e98-2361-4c19-a46d-df7ec086d6dc","GiGOフレスポ東大阪","GiGO","candidate","大阪府","null","大阪府東大阪市稲田新町3-9-64","https://www.gendagigo.jp/shop.html","null","34.6915","135.5908","GiGO公式店舗詳細(Google Mapsリンク)","2026-07-22"
"367b0b9b-712a-472a-912d-445a48f67ce8","カプセル楽局赤羽駅東口店","カプセル楽局","confirmed","東京都","null","東京都北区赤羽1丁目13番7号 はやまビル1F","https://www.warehousenet.jp/capsule","null","35.7792775","139.7197662","カプセル楽局公式Google Mapsリンク","2026-07-22"
"37a5000c-fd2f-4a01-929d-8caed4d2c162","GiGO武蔵小山","GiGO","candidate","東京都","null","東京都品川区小山3丁目22-19","https://www.gendagigo.jp/shop.html","null","35.619","139.7052","GiGO公式店舗詳細(Google Mapsリンク)","2026-07-22"
"3919d63c-e9a1-46a6-81c1-73ee6e5a1e18","GiGOすすきの","GiGO","candidate","北海道","null","北海道札幌市中央区南三条西4丁目1-1 シルバービルB棟 地下1階~地上4階","https://www.gendagigo.jp/shop.html","null","43.0564","141.3528","GiGO公式店舗詳細(Google Mapsリンク)","2026-07-22"
"3a16f0f2-939c-48f4-9420-62ebf9501335","カプセル楽局平井駅前店","カプセル楽局","confirmed","東京都","null","東京都江戸川区平井4丁目12番1号 立花屋ビル1F","https://www.warehousenet.jp/capsule","null","35.7065506","139.8406015","カプセル楽局公式Google Mapsリンク","2026-07-22"
"3a69f96d-5ea3-4730-8ab7-ab9ac9196009","GiGOフェニックスプラザ摩耶","GiGO","candidate","兵庫県","null","兵庫県神戸市灘区味泥町6-1フェニックスプラザ1F","https://www.gendagigo.jp/shop.html","null","34.7041","135.2281","GiGO公式店舗詳細(Google Mapsリンク)","2026-07-22"
"3a8aa330-dad3-4908-b2ed-1055fd3c8d3d","GiGO泉中央ショッピングプラザセルバ","GiGO","candidate","宮城県","null","宮城県仙台市泉区泉中央1-4-1セルバ 5F","https://www.gendagigo.jp/shop.html","null","38.3238","140.8821","GiGO公式店舗詳細(Google Mapsリンク)","2026-07-22"
"3f53a7e0-01d5-4558-88da-4a5c44e68eb1","カプセル楽局竹の塚店","カプセル楽局","confirmed","東京都","null","東京都足立区竹の塚6丁目9番2号","https://www.warehousenet.jp/capsule","null","35.7944257","139.7910112","カプセル楽局公式Google Mapsリンク","2026-07-22"
"41d71a9f-6654-49c9-943f-f0e22a4248fa","カプセル楽局祖師ヶ谷大蔵2号店","カプセル楽局","confirmed","東京都","null","東京都世田谷区祖師谷1丁目36番5号","https://www.warehousenet.jp/capsule","null","35.6463056","139.6086389","カプセル楽局公式Google Mapsリンク","2026-07-22"
"42036ba2-9337-4832-8546-67f377957998","GiGOイオンモール姫路リバーシティー","GiGO","candidate","兵庫県","null","兵庫県姫路市飾磨区細江2560番地 イオンモール姫路リバーシティー 2F","https://www.gendagigo.jp/shop.html","null","34.7986","134.6682","GiGO公式店舗詳細(Google Mapsリンク)","2026-07-22"
"426ce7a5-99da-447d-b574-56abb5328af5","ヨドバシカメラ マルチメディア横浜","ヨドバシカメラ","candidate","神奈川県","null","神奈川県横浜市西区北幸1-2-7","https://global.yodobashi/stores","null","35.4676804","139.620381","バンダイ公式店舗API(店舗名完全一致)","2026-07-22"
"444a39eb-4c6e-4bc4-b7eb-b3ab2696645f","GiGOイオンモール木曽川","GiGO","candidate","愛知県","null","愛知県一宮市木曽川町黒田字南八ツヶ池25-1イオンモール木曽川3F","https://www.gendagigo.jp/shop.html","null","35.3493170744312","136.773469567687","バンダイ公式店舗API(住所完全一致)","2026-07-22"
"44e77f8f-0aee-474d-a0b2-06ce0e3fb6fc","カプセル楽局元住吉店","カプセル楽局","confirmed","神奈川県","null","神奈川県川崎市中原区木月1丁目22番5号 セキモトビル","https://www.warehousenet.jp/capsule","null","35.5652621","139.6537483","カプセル楽局公式Google Mapsリンク","2026-07-22"
"46bafdce-64a9-423d-a5bd-12ca391d999f","南ASOBI諸島田無アスタ専門店街店","GiGO","candidate","東京都","null","東京都西東京市田無町2丁目1番1号 田無アスタ専門店街3階","https://www.gendagigo.jp/shop.html","null","35.729","139.5401","GiGO公式店舗詳細(Google Mapsリンク)","2026-07-22"
"47cacd05-e124-40a6-9d3b-008ebd098435","GiGOイオンモール猪名川","GiGO","candidate","兵庫県","null","兵庫県川辺郡猪名川町白金2-1 イオンモール猪名川 3F","https://www.gendagigo.jp/shop.html","null","34.901","135.3647","GiGO公式店舗詳細(Google Mapsリンク)","2026-07-22"
"4a459145-b746-41d1-97e5-a45c14ec0905","カプセル楽局PLUS南流山店","カプセル楽局","confirmed","千葉県","null","千葉県流山市南流山4丁目16番地の6","https://www.warehousenet.jp/capsule","null","35.84019","139.9051","カプセル楽局公式Google Mapsリンク","2026-07-22"
"4aa0e100-bdcf-44a2-a1df-d782d7ac79ad","GiGOヨドバシ博多","GiGO","candidate","福岡県","null","福岡県福岡市博多区博多駅中央街6-12 ヨドバシ博多","https://www.gendagigo.jp/shop.html","null","33.5881","130.4218","GiGO公式店舗詳細(Google Mapsリンク)","2026-07-22"
"506e387f-7e65-4315-8797-debfdf6b46db","カプセル楽局野方駅南店","カプセル楽局","confirmed","東京都","null","東京都中野区野方5丁目24番5号","https://www.warehousenet.jp/capsule","null","35.7187501","139.6525801","カプセル楽局公式Google Mapsリンク","2026-07-22"
"50c3c937-fec1-486f-94b9-908d5c99528f","GiGOアピタ高崎","GiGO","candidate","群馬県","null","群馬県高崎市矢中町668-1 アピタ高崎店 2F","https://www.gendagigo.jp/shop.html","null","36.3097","139.0544","GiGO公式店舗詳細(Google Mapsリンク)","2026-07-22"
"50f7be0b-6325-4609-bc6e-318506cc4ca9","GiGO水戸","GiGO","candidate","茨城県","null","茨城県水戸市宮町1-7-44コムボックス310 3F","https://www.gendagigo.jp/shop.html","null","36.3695","140.4745","GiGO公式店舗詳細(Google Mapsリンク)","2026-07-22"
"513eda04-5900-47ff-b055-7c5dc636f341","ヨドバシカメラ マルチメディア町田","ヨドバシカメラ","candidate","東京都","null","東京都町田市原町田1-1-11","https://global.yodobashi/stores","null","35.5423569","139.4443508","バンダイ公式店舗API(店舗名完全一致)","2026-07-22"
"528b7671-3c12-4865-af6c-46c20f1f9aff","カプセル楽局自由が丘店","カプセル楽局","confirmed","東京都","null","東京都目黒区自由が丘2丁目12番19号 3.4.1 building west 1F","https://www.warehousenet.jp/capsule","null","35.6071647","139.6649361","カプセル楽局公式Google Mapsリンク","2026-07-22"
"540ee8d7-4ad6-4722-82f1-b93e1ddcc2d8","GiGOトピア天満屋ハピータウン児島","GiGO","candidate","岡山県","null","岡山県倉敷市児島駅前2-35 天満屋ハピータウン児島店内3F","https://www.gendagigo.jp/shop.html","null","34.4673","133.8039","GiGO公式店舗詳細(Google Mapsリンク)","2026-07-22"
"542108bf-d001-4b1e-8970-996ffb9a2226","GiGO川口","GiGO","candidate","埼玉県","null","埼玉県川口市東領家2-2-10","https://www.gendagigo.jp/shop.html","null","35.7949","139.7476","GiGO公式店舗詳細(Google Mapsリンク)","2026-07-22"
"54422b04-a80c-4ee5-a5b7-b527262bab21","GiGOポルカ天満屋ハピータウン高梁","GiGO","candidate","岡山県","null","岡山県高梁市中原町1084-1 ポルカ天満屋ハピータウン内2F","https://www.gendagigo.jp/shop.html","null","34.7857","133.6119","GiGO公式店舗詳細(Google Mapsリンク)","2026-07-22"
"54549bb1-6710-45f8-abec-84c59d085b27","GiGOクレーンゲームオアシス イオンモール桑名","GiGO","candidate","三重県","null","三重県桑名市新西方1-22 イオンモール桑名3番街 1階","https://www.gendagigo.jp/shop.html","null","35.0709","136.6629","GiGO公式店舗詳細(Google Mapsリンク)","2026-07-22"
"548a0d87-7c53-45e9-a1e6-34018d01f0a2","カプセル楽局吉祥寺店","カプセル楽局","confirmed","東京都","null","東京都武蔵野市吉祥寺本町1丁目7番7号 島田ビル1F","https://www.warehousenet.jp/capsule","null","35.7041941","139.5782326","カプセル楽局公式Google Mapsリンク","2026-07-22"
"57f59857-327b-4742-a7ff-c53a6e02aa35","カプセル楽局千葉中央Mio店","カプセル楽局","confirmed","千葉県","null","千葉県千葉市中央区本千葉町15番1号 ユアエルム千葉Mio1 1F","https://www.warehousenet.jp/capsule","null","35.60855","140.1174","カプセル楽局公式Google Mapsリンク","2026-07-22"
"583e6e67-2fad-4b55-904f-566d1f8daa56","ヨドバシカメラ マルチメディア宇都宮","ヨドバシカメラ","candidate","栃木県","null","栃木県宇都宮市駅前通り1-4-6 宇都宮西口ビル","https://global.yodobashi/stores","null","36.5604377","139.8969676","バンダイ公式店舗API(店舗名完全一致)","2026-07-22"
"59c3c38a-2eb4-4e52-bff0-cdd20b780b9c","GiGO北谷","GiGO","candidate","沖縄県","null","沖縄県中頭郡北谷町美浜9-8","https://www.gendagigo.jp/shop.html","null","26.3169","127.7555","GiGO公式店舗詳細(Google Mapsリンク)","2026-07-22"
"5a5af962-437e-4c90-bff3-bcae8cd6f5a4","GiGO広","GiGO","candidate","広島県","null","広島県呉市広中町1-9","https://www.gendagigo.jp/shop.html","null","34.2286","132.6294","GiGO公式店舗詳細(Google Mapsリンク)","2026-07-22"
"5b9977cf-cce1-4416-a15c-3316a89774e8","カプセル楽局武蔵小山店","カプセル楽局","confirmed","東京都","null","東京都品川区荏原3丁目4番14号","https://www.warehousenet.jp/capsule","null","35.6173727","139.7048872","カプセル楽局公式Google Mapsリンク","2026-07-22"
"5be049a6-a522-41b0-a566-e7867aad19cc","ヨドバシカメラ マルチメディア新潟駅前店","ヨドバシカメラ","candidate","新潟県","null","新潟県新潟市中央区弁天1-2-6","https://global.yodobashi/stores","null","37.9132033","139.0594268","バンダイ公式店舗API(住所完全一致)","2026-07-22"
"5de8035e-d6cb-423a-acb5-98dcdd5b3114","GiGOアル・プラザ枚方","GiGO","candidate","大阪府","null","大阪府枚方市津田元町1丁目4番1号","https://www.gendagigo.jp/shop.html","null","34.8083","135.7024","GiGO公式店舗詳細(Google Mapsリンク)","2026-07-22"
"5ec6e491-94ce-4965-9456-3e670e3b24a7","カプセル楽局イオン八王子滝山店","カプセル楽局","confirmed","東京都","null","東京都八王子市滝山町一丁目884 イオン八王子滝山1F","https://www.warehousenet.jp/capsule","null","35.6827331","139.3404656","カプセル楽局公式Google Mapsリンク","2026-07-22"
"5f00fdb0-b060-41f3-b18d-ede7a440f439","カプセル楽局仙川店","カプセル楽局","confirmed","東京都","null","東京都調布市仙川町2丁目21番12号 VICビル7 1F","https://www.warehousenet.jp/capsule","null","35.6624895","139.5815779","カプセル楽局公式Google Mapsリンク","2026-07-22"
"5ff547ac-421a-49aa-ae07-904f2cd39408","ヨドバシカメラ 八王子店","ヨドバシカメラ","candidate","東京都","null","東京都八王子市東町7-4","https://global.yodobashi/stores","null","35.6579712","139.3396578","バンダイ公式店舗API(住所完全一致)","2026-07-22"
"6036f9d8-308f-4a87-a126-37d41b651fa4","GiGO三宮南口","GiGO","candidate","兵庫県","null","兵庫県神戸市中央区三宮町1丁目7-17 三慶ビル 1階~地下2階","https://www.gendagigo.jp/shop.html","null","34.6927","135.1939","GiGO公式店舗詳細(Google Mapsリンク)","2026-07-22"
"60a24c18-5d84-4e56-876e-3aec6058e27a","GiGOイトーヨーカドー津久野","GiGO","candidate","大阪府","null","大阪府堺市西区下田町20-1 イトーヨーカドー津久野店 2F","https://www.gendagigo.jp/shop.html","null","34.5412","135.465","GiGO公式店舗詳細(Google Mapsリンク)","2026-07-22"
"61344f1c-fa5b-4e9f-85de-2f17ba7cb648","GiGO中筋","GiGO","candidate","広島県","null","広島県広島市安佐南区中筋4-11-7","https://www.gendagigo.jp/shop.html","null","34.4554","132.4788","GiGO公式店舗詳細(Google Mapsリンク)","2026-07-22"
"62dd0891-a330-4e2d-985b-b57f26d13f5f","GiGO沖縄アウトレットモールあしびなー","GiGO","candidate","沖縄県","null","沖縄県豊見城市豊崎1-188 沖縄アウトレットモールあしびなー2F","https://www.gendagigo.jp/shop.html","null","26.1595","127.6559","GiGO公式店舗詳細(Google Mapsリンク)","2026-07-22"
"640f4e4e-9771-459e-9779-f0fbd5c1756e","GiGOあきるのプレイス","GiGO","candidate","東京都","null","東京都あきる野市秋川1-17-1 あきるのプレイス 4F","https://www.gendagigo.jp/shop.html","null","35.7308","139.2872","GiGO公式店舗詳細(Google Mapsリンク)","2026-07-22"
"647a8840-d64c-47d5-af6f-3f040f82f706","カプセル楽局市川駅北口店","カプセル楽局","confirmed","千葉県","null","千葉県市川市市川1丁目6番7号 IKビル","https://www.warehousenet.jp/capsule","null","35.7293181","139.9090203","カプセル楽局公式Google Mapsリンク","2026-07-22"
"656e44bb-2836-4875-8435-1e2e7b2d0c83","GiGOヴィアモール江南","GiGO","candidate","愛知県","null","愛知県江南市松竹町上野205 VIAMALLアピタ江南西店 2F","https://www.gendagigo.jp/shop.html","null","35.3423","136.8569","GiGO公式店舗詳細(Google Mapsリンク)","2026-07-22"
"65deefb4-8a5f-4f11-be2d-2bf2c3fc088d","GiGO福岡天神","GiGO","candidate","福岡県","null","福岡県福岡市中央区天神2-7-6 DADAビル","https://www.gendagigo.jp/shop.html","null","33.5899","130.3967","GiGO公式店舗詳細(Google Mapsリンク)","2026-07-22"
"670a752b-6c50-41c9-90e6-90cddf86316c","GiGO北見","GiGO","candidate","北海道","null","北海道北見市西三輪5丁目1番地16","https://www.gendagigo.jp/shop.html","null","43.7966","143.8426","GiGO公式店舗詳細(Google Mapsリンク)","2026-07-22"
"6888af16-409a-4cea-ace9-8028c344ff26","GiGO那覇国際通り","GiGO","candidate","沖縄県","null","沖縄県那覇市久茂地3-3-20 Mビル那覇国際通り","https://www.gendagigo.jp/shop.html","null","26.2144","127.6821","GiGO公式店舗詳細(Google Mapsリンク)","2026-07-22"
"69cce9ee-511b-4901-9402-7593b177a414","カプセル楽局武蔵小金井駅前店","カプセル楽局","confirmed","東京都","null","東京都小金井市本町5丁目10番18号 武蔵小金井ラメゾンヴェール","https://www.warehousenet.jp/capsule","null","35.7018523","139.5027383","カプセル楽局公式Google Mapsリンク","2026-07-22"
"6a28460b-a8bd-46b4-b80f-b57913cfaebb","GiGOイオン高城","GiGO","candidate","大分県","null","大分県大分市高城西町28-1 イオン高城店2F","https://www.gendagigo.jp/shop.html","null","33.2417","131.6527","GiGO公式店舗詳細(Google Mapsリンク)","2026-07-22"
"6a700f5f-1c68-478c-8403-ab6ee7a5595a","GiGO BLiX茅ヶ崎","GiGO","candidate","神奈川県","null","神奈川県茅ヶ崎市新栄町118 「BLiX茅ヶ崎」3階","https://www.gendagigo.jp/shop.html","null","35.3318","139.4051","GiGO公式店舗詳細(Google Mapsリンク)","2026-07-22"
"6a9a647c-670f-49cd-b751-0c58965186ec","GiGOアミュプラザくまもと","GiGO","candidate","熊本県","null","熊本県熊本市西区春日3-15-26 アミュプラザくまもと","https://www.gendagigo.jp/shop.html","null","32.7881","130.6876","GiGO公式店舗詳細(Google Mapsリンク)","2026-07-22"
"6b88704b-3cb0-42c8-9958-802b9586c836","カプセル楽局赤羽ララガーデンビル店","カプセル楽局","confirmed","東京都","null","東京都北区赤羽2丁目10番1号","https://www.warehousenet.jp/capsule","null","35.779541","139.7246262","カプセル楽局公式Google Mapsリンク","2026-07-22"
"6f2abb78-df8f-4b2e-85da-7e161a8d8e3f","カプセル楽局青砥駅前店","カプセル楽局","confirmed","東京都","null","東京都葛飾区青戸3丁目39番13号 都ビル1F","https://www.warehousenet.jp/capsule","null","35.7453761","139.8530416","カプセル楽局公式Google Mapsリンク","2026-07-22"
"6f7a4bdb-4a7d-4ce8-876a-73bef8b20777","Pon!イオンモール東員店","Pon!","confirmed","三重県","null","三重県員弁郡東員町大字長深字築田510番地1 イオンモール東員3F","https://www.gachagachanomori.com/shoplist","null","35.06186498317662","136.57941202559158","バンダイ公式店舗API(店舗名完全一致)","2026-07-22"
"721a1113-a98b-4625-80c1-9378b19a3872","GiGOアピタ木更津","GiGO","candidate","千葉県","null","千葉県木更津市ほたる野4-2-48 アピタ木更津店 2F","https://www.gendagigo.jp/shop.html","null","35.3758","139.9628","GiGO公式店舗詳細(Google Mapsリンク)","2026-07-22"
"73961be6-3962-4dbf-9595-0127c1e8089c","GiGOけやきウォーク前橋","GiGO","candidate","群馬県","null","群馬県前橋市文京町2-1-1 アピタけやきウォーク前橋店 2F","https://www.gendagigo.jp/shop.html","null","36.3781","139.0789","GiGO公式店舗詳細(Google Mapsリンク)","2026-07-22"
"75963188-1626-40f9-af8d-0647a4d843dc","カプセル楽局池袋西口店","カプセル楽局","confirmed","東京都","null","東京都豊島区西池袋1丁目16番3号","https://www.warehousenet.jp/capsule","null","35.7308323","139.7089542","カプセル楽局公式Google Mapsリンク","2026-07-22"
"75c73e77-64bc-4b9f-9ca7-eeb851bccf46","カプセル楽局鷹の台店","カプセル楽局","confirmed","東京都","null","東京都小平市たかの台44番9号","https://www.warehousenet.jp/capsule","null","35.7231122","139.4582442","カプセル楽局公式Google Mapsリンク","2026-07-22"
"76c4296a-b953-4a2e-b94d-d67673b80de8","カプセル楽局戸田T-FRONTE店","カプセル楽局","confirmed","埼玉県","null","埼玉県戸田市新曽662 T-FRONTE 3F","https://www.warehousenet.jp/capsule","null","35.8175","139.6683","カプセル楽局公式Google Mapsリンク","2026-07-22"
"771a9320-92f4-4e9e-8e1d-342e5e5787f6","GiGOアル・プラザ醍醐","GiGO","candidate","京都府","null","京都府京都市伏見区醍醐高畑町1-37","https://www.gendagigo.jp/shop.html","null","34.9516","135.8115","GiGO公式店舗詳細(Google Mapsリンク)","2026-07-22"
"779119b9-87b1-4399-b66d-8f09fa275635","GiGOららテラス川口","GiGO","candidate","埼玉県","null","埼玉県川口市栄町3丁目5­-1 ららテラス川口 8F","https://www.gendagigo.jp/shop.html","null","35.8029","139.7187","GiGO公式店舗詳細(Google Mapsリンク)","2026-07-22"
"785dc77e-afbf-4da3-9f28-6239cdeee4df","GiGOラスパ御嵩","GiGO","candidate","岐阜県","null","岐阜県可児郡御嵩町上恵土1052-1 ラスパ御嵩店 2F","https://www.gendagigo.jp/shop.html","null","35.4342","137.0706","GiGO公式店舗詳細(Google Mapsリンク)","2026-07-22"
"7871338f-f25b-4ea8-b1e2-98f1c508eebf","GiGO一関","GiGO","candidate","岩手県","null","岩手県一関市山目字中野92-1","https://www.gendagigo.jp/shop.html","null","38.9337","141.1184","GiGO公式店舗詳細(Google Mapsリンク)","2026-07-22"
"79c7a68b-9e6d-467e-93ea-88a3b1c61218","GiGO広島本通","GiGO","candidate","広島県","null","広島県広島市中区本通9-30 ランドマークビル1F・B1F","https://www.gendagigo.jp/shop.html","null","34.3924","132.4608","GiGO公式店舗詳細(Google Mapsリンク)","2026-07-22"
"79d64f4e-dfd8-42a7-8912-df897b32453e","GiGOエブリイOkanaka津高","GiGO","candidate","岡山県","null","岡山県岡山市北区横井上83-3 エブリイOkanaka津高店内4F","https://www.gendagigo.jp/shop.html","null","34.7001","133.902","GiGO公式店舗詳細(Google Mapsリンク)","2026-07-22"
"7ad07514-520c-486d-ae6e-f61c36146733","ヨドバシカメラ マルチメディア京都","ヨドバシカメラ","candidate","京都府","null","京都府京都市下京区烏丸通七条下る東塩小路町590-2","https://global.yodobashi/stores","null","34.9864417","135.7588665","バンダイ公式店舗API(店舗名完全一致)","2026-07-22"
"7bf70428-af39-4f6d-813f-2382374ebb41","GiGO町田東急ツインズ","GiGO","candidate","東京都","null","東京都町田市原町田6丁目4-1 町田東急ツインズ イースト 3F","https://www.gendagigo.jp/shop.html","null","35.5425","139.4466","GiGO公式店舗詳細(Google Mapsリンク)","2026-07-22"
"7c679010-5bf8-439d-8603-8595c694e64a","ヨドバシカメラ マルチメディア川崎ルフロン","ヨドバシカメラ","candidate","神奈川県","null","神奈川県川崎市川崎区日進町1-11 ルフロン地下1Fから地上4F","https://global.yodobashi/stores","null","35.5294013","139.6967214","バンダイ公式店舗API(店舗名完全一致)","2026-07-22"
"7cf38aa5-9be4-441b-932d-7ac5ba751658","カプセル楽局阿佐ヶ谷店","カプセル楽局","confirmed","東京都","null","東京都杉並区阿佐谷南1丁目17番17号","https://www.warehousenet.jp/capsule","null","35.7017843","139.6335258","カプセル楽局公式Google Mapsリンク","2026-07-22"
"7dd90352-1e45-4991-9a62-50feeefed25c","GiGOアリオ深谷","GiGO","candidate","埼玉県","null","埼玉県深谷市上柴町西4-2-14 アリオ深谷店 2F","https://www.gendagigo.jp/shop.html","null","36.1816","139.2994","GiGO公式店舗詳細(Google Mapsリンク)","2026-07-22"
"7e6f0951-3f7a-49a9-a05b-ad33f4498577","GiGOヴィータモールせいせき","GiGO","candidate","東京都","null","東京都多摩市関戸4丁目72番地 ヴィータモールせいせき 6F","https://www.gendagigo.jp/shop.html","null","35.6496","139.447","GiGO公式店舗詳細(Google Mapsリンク)","2026-07-22"
"7ec30bd3-58df-4c06-821f-fe97311222d9","カプセル楽局町田店","カプセル楽局","confirmed","東京都","null","東京都町田市原町田4丁目5番10号1F","https://www.warehousenet.jp/capsule","null","35.54174","139.4491","カプセル楽局公式Google Mapsリンク","2026-07-22"
"802ea91c-7138-4cb0-b45b-8a4dc27b056e","ヨドバシカメラ マルチメディア上野","ヨドバシカメラ","candidate","東京都","null","東京都台東区上野4-10-10","https://global.yodobashi/stores","null","35.7111643","139.774465","バンダイ公式店舗API(店舗名完全一致)","2026-07-22"
"8053f472-2aad-4d38-b979-eeecd6106a50","カプセル楽局巣鴨地蔵通り店","カプセル楽局","confirmed","東京都","null","東京都豊島区巣鴨4丁目22番2号","https://www.warehousenet.jp/capsule","null","35.7361808","139.7294097","カプセル楽局公式Google Mapsリンク","2026-07-22"
"815330da-6e56-4d34-8af1-2f077197dc2f","カプセル楽局仙川2号店","カプセル楽局","confirmed","東京都","null","東京都調布市仙川町1丁目12番13号 仙川マルハタビル1F","https://www.warehousenet.jp/capsule","null","35.6609415","139.5849604","カプセル楽局公式Google Mapsリンク","2026-07-22"
"817b77ea-0771-488d-93f1-e9cf64a0dfdf","GiGO平和堂あどがわ","GiGO","candidate","滋賀県","null","滋賀県高島市安曇川町西万木55番地","https://www.gendagigo.jp/shop.html","null","35.3282","136.0281","GiGO公式店舗詳細(Google Mapsリンク)","2026-07-22"
"81990cf2-058a-4276-b1fe-70fda17f3629","カプセル楽局門前仲町店","カプセル楽局","confirmed","東京都","null","東京都江東区門前仲町1丁目13番地10号","https://www.warehousenet.jp/capsule","null","35.6734608","139.7926608","カプセル楽局公式Google Mapsリンク","2026-07-22"
"82e5d137-42c1-45d8-b271-4dadd10bbce7","カプセル楽局東中野店","カプセル楽局","confirmed","東京都","null","東京都中野区東中野3丁目7番23号 サトウビル","https://www.warehousenet.jp/capsule","null","35.7075553","139.6821472","カプセル楽局公式Google Mapsリンク","2026-07-22"
"834b4aad-a646-408e-ba58-aac32c7b1bd2","GiGOショッピングモールメルカ","GiGO","candidate","岡山県","null","岡山県玉野市宇野1-38-1 玉野ショッピングモールメルカ店内3F","https://www.gendagigo.jp/shop.html","null","34.4917","133.9451","GiGO公式店舗詳細(Google Mapsリンク)","2026-07-22"
"8529d3c3-1e4b-402c-9ce7-eb3dbdc8fe11","GiGO三宮北口","GiGO","candidate","兵庫県","null","兵庫県神戸市中央区北長狭通一丁目8番1号 コスモビル 地下1階~地上2階","https://www.gendagigo.jp/shop.html","null","34.6931","135.1922","GiGO公式店舗詳細(Google Mapsリンク)","2026-07-22"
"87b843e0-91d7-43c4-b0a6-80b2e367bea9","GiGOミーナ天神","GiGO","candidate","福岡県","null","福岡県福岡市中央区天神4-3-8 ミーナ天神7F","https://www.gendagigo.jp/shop.html","null","33.5926","130.3984","GiGO公式店舗詳細(Google Mapsリンク)","2026-07-22"
"87c8d0c1-1ead-418d-bbd7-d1f1ca6304ac","カプセル楽局川越クレアモール店","カプセル楽局","confirmed","埼玉県","null","埼玉県川越市脇田町12-1 矢島ビル1号館 1F","https://www.warehousenet.jp/capsule","null","35.91086","139.4829","カプセル楽局公式Google Mapsリンク","2026-07-22"
"87d6b8ac-5404-40b5-bcfe-13d007a7fb43","GiGOアリオ加古川","GiGO","candidate","兵庫県","null","兵庫県加古川市別府町緑町2 アリオ加古川店 3F","https://www.gendagigo.jp/shop.html","null","34.7289","134.8493","GiGO公式店舗詳細(Google Mapsリンク)","2026-07-22"
"883396f7-10e3-4bd4-8ad3-8bf9f88b8975","GiGO延岡","GiGO","candidate","宮崎県","null","宮崎県延岡市平原町5丁目1492-8","https://www.gendagigo.jp/shop.html","null","32.55","131.6779","GiGO公式店舗詳細(Google Mapsリンク)","2026-07-22"
"8b274ac2-62f6-4bf4-9592-5b0870a63a97","カプセル楽局武蔵境店","カプセル楽局","confirmed","東京都","null","東京都武蔵野市境1丁目2番4号 武蔵境 パークハウス武蔵野1F","https://www.warehousenet.jp/capsule","null","35.7031583","139.5443101","カプセル楽局公式Google Mapsリンク","2026-07-22"
"8beb65c8-2b88-4553-ad6c-c8be42e12f71","GiGOアピタ大和郡山","GiGO","candidate","奈良県","null","奈良県大和郡山市田中町517 アピタ大和郡山店 2F","https://www.gendagigo.jp/shop.html","null","34.6431","135.769","GiGO公式店舗詳細(Google Mapsリンク)","2026-07-22"
"8bf5a67a-a2f3-4be8-b013-03115f6d451a","GiGOアトレ川越","GiGO","candidate","埼玉県","null","埼玉県川越市脇田町105番地 アトレ川越 1F","https://www.gendagigo.jp/shop.html","null","35.9081","139.4832","GiGO公式店舗詳細(Google Mapsリンク)","2026-07-22"
"8c24f09b-6ddb-4246-afa0-bdee8e919738","GiGOイオンモール銚子","GiGO","candidate","千葉県","null","千葉県銚子市三崎町2-2660-1 イオンモール銚子2F","https://www.gendagigo.jp/shop.html","null","35.7106","140.7881","GiGO公式店舗詳細(Google Mapsリンク)","2026-07-22"
"8c27ea11-638b-42ba-b334-f0d5f74ecb32","GiGOアリオ北砂","GiGO","candidate","東京都","null","東京都江東区北砂2-17-1 アリオ北砂店アリオモール 3F","https://www.gendagigo.jp/shop.html","null","35.6832","139.8254","GiGO公式店舗詳細(Google Mapsリンク)","2026-07-22"
"8d5ff693-8d4b-4634-a814-8d2363cb0701","GiGOイオンタウン姶良","GiGO","candidate","鹿児島県","null","鹿児島県姶良市西餠田264-1 イオンタウン姶良店 西街区3F","https://www.gendagigo.jp/shop.html","null","31.733","130.627","GiGO公式店舗詳細(Google Mapsリンク)","2026-07-22"
"8de02995-8c6c-460e-97a3-bbe6099f4fa6","ガチャガチャの森新宿サブナード店","ガチャガチャの森","confirmed","東京都","null","東京都新宿区歌舞伎町1丁目靖国通り下 新宿サブナード地下街内401区画","https://www.gachagachanomori.com/shoplist","null","35.6936082994623","139.700567062315","バンダイ公式店舗API(店舗名完全一致)","2026-07-22"
"8e6abd75-dffa-4002-bb54-db8241d48696","カプセル楽局経堂農大通り店","カプセル楽局","confirmed","東京都","null","東京都世田谷区経堂1丁目11番8号 シンフォニー経堂1F","https://www.warehousenet.jp/capsule","null","35.6491221","139.634001","カプセル楽局公式Google Mapsリンク","2026-07-22"
"8ee70a1b-7bb1-4f56-9985-f71e7604c8e6","GiGO中津","GiGO","candidate","大分県","null","大分県中津市沖代町1-2-16","https://www.gendagigo.jp/shop.html","null","33.5912","131.2022","GiGO公式店舗詳細(Google Mapsリンク)","2026-07-22"
"90bebfe4-4409-4a34-805b-8c6ad3d04337","GiGO南越谷ラクーン","GiGO","candidate","埼玉県","null","埼玉県越谷市南越谷1-15-1","https://www.gendagigo.jp/shop.html","null","35.875","139.7931","GiGO公式店舗詳細(Google Mapsリンク)","2026-07-22"
"91c21d0a-4a7e-4f81-99e1-4b41d5aaac84","GiGOビバモール埼玉大井","GiGO","candidate","埼玉県","null","埼玉県ふじみ野市西鶴ケ岡1-3-15 ビバモール埼玉大井 2F","https://www.gendagigo.jp/shop.html","null","35.864","139.5026","GiGO公式店舗詳細(Google Mapsリンク)","2026-07-22"
"93400054-cbe6-4b47-9055-232422f062f5","ヨドバシカメラ マルチメディア郡山","ヨドバシカメラ","candidate","福島県","null","福島県郡山市駅前1-16-7","https://global.yodobashi/stores","null","37.3969102","140.3874808","バンダイ公式店舗API(店舗名完全一致)","2026-07-22"
"95565f2d-6a5b-48b1-b2c4-c74dd310597b","カプセル楽局武蔵新城あいもーる店","カプセル楽局","confirmed","神奈川県","null","神奈川県川崎市中原区新城3丁目17番1号 TSビル1F","https://www.warehousenet.jp/capsule","null","35.5846893","139.6280301","カプセル楽局公式Google Mapsリンク","2026-07-22"
"98013d68-7fd4-4f3e-a908-564c7760c980","カプセル楽局大宮すずらん通り店","カプセル楽局","confirmed","埼玉県","null","埼玉県さいたま市大宮区大門町1丁目17番","https://www.warehousenet.jp/capsule","null","35.9070003","139.6258959","カプセル楽局公式Google Mapsリンク","2026-07-22"
"98ae64ce-4e7f-4705-937d-09bea309d48f","カプセル楽局松戸駅西口店","カプセル楽局","confirmed","千葉県","null","千葉県松戸市本町1丁目23番 W松戸1F","https://www.warehousenet.jp/capsule","null","35.78393","139.8997","カプセル楽局公式Google Mapsリンク","2026-07-22"
"9bea1c8b-04c6-44f2-8243-e16906b89202","カプセル楽局方南町駅前店","カプセル楽局","confirmed","東京都","null","東京都杉並区方南2丁目13番7号","https://www.warehousenet.jp/capsule","null","35.6834042","139.6584862","カプセル楽局公式Google Mapsリンク","2026-07-22"
"9c8327bd-cdc4-4a34-aa0b-00a550c5fdab","GiGOフジモール吹上","GiGO","candidate","埼玉県","null","埼玉県鴻巣市袋90-1 フジモール吹上 2階","https://www.gendagigo.jp/shop.html","null","36.0962","139.4663","GiGO公式店舗詳細(Google Mapsリンク)","2026-07-22"
"9e87d252-a12e-4d9e-96c1-1170168e612e","カプセル楽局渋谷センター街店","カプセル楽局","confirmed","東京都","null","東京都渋谷区宇田川町29番3号 渋谷平松ビル","https://www.warehousenet.jp/capsule","null","35.6605331","139.6984718","カプセル楽局公式Google Mapsリンク","2026-07-22"
"9fe48e28-4f5d-4edc-8441-3ef13dd323a0","カプセル楽局浜田山店","カプセル楽局","confirmed","東京都","null","東京都杉並区浜田山3丁目30−5 越路ビル","https://www.warehousenet.jp/capsule","null","35.68195","139.6277042","カプセル楽局公式Google Mapsリンク","2026-07-22"
"a044b34c-e3d5-4a8e-87fb-aba9198ef231","GiGOららぽーと甲子園","GiGO","candidate","兵庫県","null","兵庫県西宮市甲子園八番町1-100ららぽーと甲子園2F","https://www.gendagigo.jp/shop.html","null","34.717068","135.36261","既存登録座標(住所完全一致)","2026-07-22"
"a3a36c18-a4f9-4c71-8eca-81851e050bc7","GiGO倉敷","GiGO","candidate","岡山県","null","岡山県倉敷市西中新田八反割535-2","https://www.gendagigo.jp/shop.html","null","34.5839","133.7699","GiGO公式店舗詳細(Google Mapsリンク)","2026-07-22"
"a3ad2cfc-cce1-4050-a9d3-5e09a4a4558f","GiGOルビットタウン高山","GiGO","candidate","岐阜県","null","岐阜県高山市岡本町3-18-2 ルビットタウン高山店 2F","https://www.gendagigo.jp/shop.html","null","36.1494","137.2467","GiGO公式店舗詳細(Google Mapsリンク)","2026-07-22"
"a42af198-d47f-4780-a996-18f90cccd020","GiGO水戸オーパ","GiGO","candidate","茨城県","null","茨城県水戸市宮町1丁目7番33号 水戸オーパ7階","https://www.gendagigo.jp/shop.html","null","36.3705","140.4757","GiGO公式店舗詳細(Google Mapsリンク)","2026-07-22"
"a46fd7d6-3b19-42ea-958c-ed08badc001f","GiGO別府","GiGO","candidate","大分県","null","大分県別府市餅ケ浜町161-2","https://www.gendagigo.jp/shop.html","null","33.2956","131.5031","GiGO公式店舗詳細(Google Mapsリンク)","2026-07-22"
"a47177b1-5ac3-4d06-b817-f3f08c94712c","GiGO海田","GiGO","candidate","広島県","null","広島県安芸郡海田町南大正町3-35","https://www.gendagigo.jp/shop.html","null","34.3677","132.5337","GiGO公式店舗詳細(Google Mapsリンク)","2026-07-22"
"a6f6d149-2e6f-41a5-9856-6b8e22997cb8","GiGOゆめタウン飯塚","GiGO","candidate","福岡県","null","福岡県飯塚市菰田西3-6-1 ゆめタウン飯塚3F","https://www.gendagigo.jp/shop.html","null","33.6302","130.6857","GiGO公式店舗詳細(Google Mapsリンク)","2026-07-22"
"a88d14e9-3965-4047-8b97-eeac133f3e14","GiGO豊科","GiGO","candidate","長野県","null","長野県安曇野市豊科南穂高1115","https://www.gendagigo.jp/shop.html","null","36.3030937","137.9224821","バンダイ公式店舗API(住所完全一致)","2026-07-22"
"a9cf52e7-6e39-4d5a-829f-7bbd3aff00f2","カプセル楽局ときわ台駅前店","カプセル楽局","confirmed","東京都","null","東京都板橋区南常盤台1-23-14","https://www.warehousenet.jp/capsule","null","35.7579926","139.6871491","カプセル楽局公式Google Mapsリンク","2026-07-22"
"abd42e9c-da02-40ae-82c4-2a79221a9bfd","GiGO天満屋ハピータウン岡北","GiGO","candidate","岡山県","null","岡山県岡山市北区中井町2-2-7 天満屋ハピータウン岡北店内3F","https://www.gendagigo.jp/shop.html","null","34.6798","133.9286","GiGO公式店舗詳細(Google Mapsリンク)","2026-07-22"
"ad6ee082-8b97-4147-8526-0c1772d08afb","GiGOスマーク伊勢崎","GiGO","candidate","群馬県","null","群馬県伊勢崎市西小保方町368スマーク伊勢崎3F302区画","https://www.gendagigo.jp/shop.html","null","36.3399","139.2314","GiGO公式店舗詳細(Google Mapsリンク)","2026-07-22"
"ae1e5a96-165f-4236-9314-4fcd76520421","カプセル楽局亀有店","カプセル楽局","confirmed","東京都","null","東京都葛飾区亀有3丁目33-3","https://www.warehousenet.jp/capsule","null","35.7644189","139.8297985","カプセル楽局公式Google Mapsリンク","2026-07-22"
"ae7b3da8-cb22-41ea-bb3d-9998d8136975","ガチャガチャの森イオンモール高岡店","ガチャガチャの森","confirmed","富山県","null","富山県高岡市下伏間江383番地 イオンモール高岡東館2F","https://www.gachagachanomori.com/shoplist","null","36.7239035453006","137.01671130122","バンダイ公式店舗API(店舗名完全一致)","2026-07-22"
"aea8d57a-8cc5-441d-9e88-f046a2ba2290","ヨドバシカメラ 新宿西口本店","ヨドバシカメラ","candidate","東京都","null","東京都新宿区西新宿1-11-1","https://global.yodobashi/stores","null","35.6895165","139.6976186","バンダイ公式店舗API(住所完全一致)","2026-07-22"
"b004103a-7f8c-47bf-b73d-2b7f950e6700","GiGO石岡","GiGO","candidate","茨城県","null","茨城県石岡市東大橋中峯1976-1","https://www.gendagigo.jp/shop.html","null","36.1986","140.3034","GiGO公式店舗詳細(Google Mapsリンク)","2026-07-22"
"b0cf480b-1dd2-43ae-96ad-64a2b92a6f16","ガチャガチャの森ゆめタウン廿日市店","ガチャガチャの森","confirmed","広島県","null","広島県廿日市市下平良2丁目2-1 ゆめタウン廿日市2F","https://www.gachagachanomori.com/shoplist","null","34.3456135895637","132.336123896481","バンダイ公式店舗API(店舗名完全一致)","2026-07-22"
"b0f7c848-643d-4216-bb2b-0321f7943ab2","カプセル楽局北千住東口店","カプセル楽局","confirmed","東京都","null","東京都足立区千住旭町35-18 書店ビル2","https://www.warehousenet.jp/capsule","null","35.7493307","139.8054628","カプセル楽局公式Google Mapsリンク","2026-07-22"
"b195114a-2005-41e4-ae68-53931f38524a","カプセル楽局川口駅前店","カプセル楽局","confirmed","埼玉県","null","埼玉県川口市栄町3丁目5番9号 安藤ビル1F","https://www.warehousenet.jp/capsule","null","35.8035241","139.7179148","カプセル楽局公式Google Mapsリンク","2026-07-22"
"b3eda282-e6fe-460f-8333-53cdbca3c8f2","GiGO和泉","GiGO","candidate","大阪府","null","大阪府和泉市肥子町2-4-41","https://www.gendagigo.jp/shop.html","null","34.4867","135.418","GiGO公式店舗詳細(Google Mapsリンク)","2026-07-22"
"b42aeacd-a1fa-4e91-be0a-65ec5a0aa21b","GiGOイオンモール新発田","GiGO","candidate","新潟県","null","新潟県新発田市住吉町5-11-5 イオンモール新発田店 2F","https://www.gendagigo.jp/shop.html","null","37.9427","139.308","GiGO公式店舗詳細(Google Mapsリンク)","2026-07-22"
"b85ac051-cb35-40a6-9f70-39d338cc4b3a","カプセル楽局大岡山店","カプセル楽局","confirmed","東京都","null","東京都大田区北千束1丁目40番3号","https://www.warehousenet.jp/capsule","null","35.6093611","139.6850563","カプセル楽局公式Google Mapsリンク","2026-07-22"
"b8a2a4db-4e75-4fc6-ac74-997a01831aa8","カプセル楽局谷中銀座商店街店","カプセル楽局","confirmed","東京都","null","東京都台東区谷中3-13-3 谷中SGビル 1F","https://www.warehousenet.jp/capsule","null","35.7277331","139.7651054","カプセル楽局公式Google Mapsリンク","2026-07-22"
"b8dca657-e41f-4005-9909-6021ed4a4580","ヨドバシカメラ マルチメディア札幌","ヨドバシカメラ","candidate","北海道","null","北海道札幌市北区北6条西5-1-22","https://global.yodobashi/stores","null","43.0679261","141.3478095","バンダイ公式店舗API(店舗名完全一致)","2026-07-22"
"b93e34cd-ad74-45f1-b8b3-6cac367a461a","カプセル楽局所沢プロペ通り店","カプセル楽局","confirmed","埼玉県","null","埼玉県所沢市日吉町8番6号","https://www.warehousenet.jp/capsule","null","35.7888443","139.4689251","カプセル楽局公式Google Mapsリンク","2026-07-22"
"b93e521d-e010-49ef-ae5d-7a16995e9fe3","カプセル楽局蒲田駅東口店","カプセル楽局","confirmed","東京都","null","東京都大田区蒲田5丁目24番1号","https://www.warehousenet.jp/capsule","null","35.5626766","139.7192191","カプセル楽局公式Google Mapsリンク","2026-07-22"
"b98e8390-7f86-4339-8d33-b8547ca57d33","GiGO POKER新宿西口","GiGO","candidate","東京都","null","東京都新宿区西新宿1-13-2 松原ビル 6F","https://www.gendagigo.jp/shop.html","null","35.68972038","139.6969209","GiGO公式店舗詳細(Google Mapsリンク)","2026-07-22"
"bb726ded-ea13-41c6-8064-c8c4a002afc1","カプセル楽局幡ヶ谷店","カプセル楽局","confirmed","東京都","null","東京都渋谷区幡ヶ谷2丁目9番15号 エーレ幡ヶ谷","https://www.warehousenet.jp/capsule","null","35.6789279","139.6773706","カプセル楽局公式Google Mapsリンク","2026-07-22"
"bbbeb7e5-1558-46f6-8b64-93a0b77d9a2d","GiGO室蘭","GiGO","candidate","北海道","null","北海道室蘭市東町4丁目31番3号","https://www.gendagigo.jp/shop.html","null","42.3426","141.0262","GiGO公式店舗詳細(Google Mapsリンク)","2026-07-22"
"bbfd3514-b6ae-41c9-89bb-1a7a4ce7c2c8","GiGO POKER六本木","GiGO","candidate","東京都","null","東京都港区六本木7-14-11 メトロシティ六本木 4F","https://www.gendagigo.jp/shop.html","null","35.6632","139.7316","GiGO公式店舗詳細(Google Mapsリンク)","2026-07-22"
"bcb708db-e4c1-45d6-95d0-e0fa1214e622","ガチャガチャの森イオンモール東員店","ガチャガチャの森","confirmed","三重県","null","三重県員弁郡東員町大字長深字築田510番地1 イオンモール東員3F","https://www.gachagachanomori.com/shoplist","null","35.0621445465717","136.579109696715","バンダイ公式店舗API(店舗名完全一致)","2026-07-22"
"be82bb86-ed69-4e1a-8095-34c69179eb51","カプセル楽局久我山駅北口店","カプセル楽局","confirmed","東京都","null","東京都杉並区久我山4丁目1−9","https://www.warehousenet.jp/capsule","null","35.6882259","139.599791","カプセル楽局公式Google Mapsリンク","2026-07-22"
"bfdcb541-306b-49d8-a306-fc20aacf28ea","GiGOスエヒロボウル徳島","GiGO","candidate","徳島県","null","徳島県徳島市南末広町4","https://www.gendagigo.jp/shop.html","null","34.0611","134.5728","GiGO公式店舗詳細(Google Mapsリンク)","2026-07-22"
"c0937add-0f81-4d9f-9f53-09d6c124b074","GiGOワカバウォーク","GiGO","candidate","埼玉県","null","埼玉県鶴ヶ島市富士見1-2-1 ワカバウォーク 2F","https://www.gendagigo.jp/shop.html","null","35.9493","139.4117","GiGO公式店舗詳細(Google Mapsリンク)","2026-07-22"
"c2316835-3373-46d6-b5da-13f26458497b","GiGO中間","GiGO","candidate","福岡県","null","福岡県中間市蓮花寺1-1-1","https://www.gendagigo.jp/shop.html","null","33.823","130.7216","GiGO公式店舗詳細(Google Mapsリンク)","2026-07-22"
"c4fe5e82-e0ad-429c-ae6c-ad469c8daf25","GiGO湘南とうきゅう","GiGO","candidate","神奈川県","null","神奈川県藤沢市遠藤698-10 湘南とうきゅう 2F","https://www.gendagigo.jp/shop.html","null","35.3713","139.4423","GiGO公式店舗詳細(Google Mapsリンク)","2026-07-22"
"c54bf42d-4f40-4211-9469-bd24583d1a46","GiGOアルパーク北棟","GiGO","candidate","広島県","null","広島県広島市西区草津南4-7-1 アルパーク北棟2F","https://www.gendagigo.jp/shop.html","null","34.3755","132.3934","GiGO公式店舗詳細(Google Mapsリンク)","2026-07-22"
"c566ba94-6d69-41d7-8102-b8bab75f33b5","GiGOコロワ甲子園","GiGO","candidate","兵庫県","null","兵庫県西宮市甲子園高潮町3-3 コロワ甲子園3F","https://www.gendagigo.jp/shop.html","null","34.7238","135.3618","GiGO公式店舗詳細(Google Mapsリンク)","2026-07-22"
"c8239b8b-fe3f-4b30-8a57-a8cf43bc0f9d","GiGO明石","GiGO","candidate","兵庫県","null","兵庫県明石市魚住町清水2464-1","https://www.gendagigo.jp/shop.html","null","34.7204","134.8967","GiGO公式店舗詳細(Google Mapsリンク)","2026-07-22"
"c82b1155-584f-435b-9dc3-e6785c4622da","GiGOイオンモール与野","GiGO","candidate","埼玉県","null","埼玉県さいたま市中央区本町西5-2-9イオンモール与野 3F","https://www.gendagigo.jp/shop.html","null","35.8908577","139.61508179","gashacoco公式店舗詳細(JSON-LD)(住所完全一致)","2026-07-22"
"c8583403-8632-463d-9602-c7a612fdf585","カプセル楽局祖師ヶ谷大蔵店","カプセル楽局","confirmed","東京都","null","東京都世田谷区祖師谷1丁目9番9号 松本ビル1F","https://www.warehousenet.jp/capsule","null","35.64402","139.6089","カプセル楽局公式Google Mapsリンク","2026-07-22"
"c911ad44-5e08-43f3-9783-26a4752bf31a","GiGOアミュプラザみやざき","GiGO","candidate","宮崎県","null","宮崎県宮崎市老松 アミュプラザみやざき","https://www.gendagigo.jp/shop.html","null","31.915","131.4315","GiGO公式店舗詳細(Google Mapsリンク)","2026-07-22"
"c931230e-b7ae-414f-9636-a4aabadc100c","GiGO岡山藤崎","GiGO","candidate","岡山県","null","岡山県岡山市中区藤崎599-12","https://www.gendagigo.jp/shop.html","null","34.6089","133.9766","GiGO公式店舗詳細(Google Mapsリンク)","2026-07-22"
"c96051cd-22a8-4845-aaf7-51e30efdcc04","カプセル楽局吉祥寺レンガ通り店","カプセル楽局","confirmed","東京都","null","東京都武蔵野市吉祥寺本町1丁目2番3号","https://www.warehousenet.jp/capsule","null","35.7038043","139.5759251","カプセル楽局公式Google Mapsリンク","2026-07-22"
"c98c2d1b-63e5-4f10-8c28-877a4d0149a3","カプセル楽局巣鴨駅前店","カプセル楽局","confirmed","東京都","null","東京都豊島区巣鴨3丁目27番6号 川合ハウス","https://www.warehousenet.jp/capsule","null","35.7348092","139.7349193","カプセル楽局公式Google Mapsリンク","2026-07-22"
"cc7f5a16-ff60-429f-ba6b-ea9010430545","カプセル楽局高円寺店","カプセル楽局","confirmed","東京都","null","東京都杉並区高円寺北3-20-20 アイル高円寺ビル","https://www.warehousenet.jp/capsule","null","35.7070022","139.4969387","カプセル楽局公式Google Mapsリンク","2026-07-22"
"cdb4fa0b-fe4b-4ee5-87ec-6b0c8681a6aa","GiGO LECT広島","GiGO","candidate","広島県","null","広島県広島市西区扇2丁目1-45 LECT","https://www.gendagigo.jp/shop.html","null","34.3713","132.4077","GiGO公式店舗詳細(Google Mapsリンク)","2026-07-22"
"ce8333db-8e20-47d5-8a4b-3aee527fe8a4","カプセル楽局EX池袋店","カプセル楽局","confirmed","東京都","null","東京都豊島区南池袋1丁目22番4号 エイチ・エフ南池袋ビル","https://www.warehousenet.jp/capsule","null","35.7260668","139.7140375","カプセル楽局公式Google Mapsリンク","2026-07-22"
"cee30e78-1740-449b-b940-11648376177b","ガチャガチャの森ららぽーと甲子園店","ガチャガチャの森","confirmed","兵庫県","null","兵庫県西宮市甲子園八番町1-100 ららぽーと甲子園2F 平日/10:00~20:00 土・日・祝・特定日/10:00~21:00","https://www.gachagachanomori.com/shoplist","null","34.7172474729137","135.364221168044","バンダイ公式店舗API(店舗名完全一致)","2026-07-22"
"d15ac0e6-9c04-4272-b206-9649544cb478","GiGO神戸umieモザイク","GiGO","candidate","兵庫県","null","兵庫県神戸市中央区東川崎町1-6-1神戸ハーバーランドumie MOZAIC 3F","https://www.gendagigo.jp/shop.html","null","34.6798","135.1844","GiGO公式店舗詳細(Google Mapsリンク)","2026-07-22"
"d1d63cf8-65b1-453c-88e6-0ee9dc19a69b","GiGOアピタ安城南","GiGO","candidate","愛知県","null","愛知県安城市桜井町城向二丁目9番地36 アピタ安城南店 2F","https://www.gendagigo.jp/shop.html","null","34.9196","137.0877","GiGO公式店舗詳細(Google Mapsリンク)","2026-07-22"
"d22e9832-2cb5-4f04-8a47-349c6a1b1d82","GiGO POKER新宿","GiGO","candidate","東京都","null","東京都新宿区歌舞伎町1-21-1 第二東亜会館 2F","https://www.gendagigo.jp/shop.html","null","35.6952","139.7013","GiGO公式店舗詳細(Google Mapsリンク)","2026-07-22"
"d283b6a5-cbb5-4c40-a089-08cf289d07d0","GiGOイオンタウン小郡","GiGO","candidate","山口県","null","山口県山口市小郡前田町3-6","https://www.gendagigo.jp/shop.html","null","34.087","131.3987","GiGO公式店舗詳細(Google Mapsリンク)","2026-07-22"
"d29a43ce-0bff-4261-9359-d3d4f5379f2a","GiGOフジグラン高知","GiGO","candidate","高知県","null","高知県高知市朝倉東町52-15","https://www.gendagigo.jp/shop.html","null","33.5431","133.4979","GiGO公式店舗詳細(Google Mapsリンク)","2026-07-22"
"d33e07e1-d18a-42ec-a3ff-3c3b23b47aac","カプセル楽局津田沼店","カプセル楽局","confirmed","千葉県","null","千葉県習志野市津田沼1丁目10番47号","https://www.warehousenet.jp/capsule","null","35.69081","140.0224","カプセル楽局公式Google Mapsリンク","2026-07-22"
"d4e2e60e-3f82-4649-ba85-a722c11c47c1","GiGOみらい長崎ココウォーク","GiGO","candidate","長崎県","null","長崎県長崎市茂里町1-55 みらい長崎ココウォーク","https://www.gendagigo.jp/shop.html","null","32.7625","129.8647","GiGO公式店舗詳細(Google Mapsリンク)","2026-07-22"
"da75f0dc-3315-46e2-b7ae-85449817b2a7","カプセル楽局八王子駅前店","カプセル楽局","confirmed","東京都","null","東京都八王子市三崎町4番14号 関口ビル","https://www.warehousenet.jp/capsule","null","35.6574115","139.3373303","カプセル楽局公式Google Mapsリンク","2026-07-22"
"db78b631-523f-46d8-9d88-3c7bbdecd013","ヨドバシカメラ マルチメディア京急上大岡","ヨドバシカメラ","candidate","神奈川県","null","神奈川県横浜市港南区上大岡西1-6-1","https://global.yodobashi/stores","null","35.4090678","139.596581","バンダイ公式店舗API(店舗名完全一致)","2026-07-22"
"dcad5fe1-df39-461b-b70e-b115460dc616","カプセル楽局下北沢駅南店","カプセル楽局","confirmed","東京都","null","東京都世田谷区北沢2丁目14番8号 下北沢春日ビル","https://www.warehousenet.jp/capsule","null","35.6602657","139.6648814","カプセル楽局公式Google Mapsリンク","2026-07-22"
"dd9b3c6e-1240-4b89-badf-50b210bf9fb3","ガチャガチャの森イオンモール今治新都市店","ガチャガチャの森","confirmed","愛媛県","null","愛媛県今治市にぎわい広場1番地1 イオンモール今治新都市2F","https://www.gachagachanomori.com/shoplist","null","34.04376891441597","132.9622335444342","バンダイ公式店舗API(店舗名完全一致)","2026-07-22"
"de58c4a9-685d-48c3-914b-9638b8a1eca1","カプセル楽局蒲田駅西口店","カプセル楽局","confirmed","東京都","null","東京都大田区西蒲田7丁目49番10号 蒲田ナオミビル 1階","https://www.warehousenet.jp/capsule","null","35.5623793","139.7125047","カプセル楽局公式Google Mapsリンク","2026-07-22"
"dfcd292d-f3eb-4659-8c1f-233f8fc9c246","GiGO米子","GiGO","candidate","鳥取県","null","鳥取県米子市両三柳2778-2","https://www.gendagigo.jp/shop.html","null","35.4598","133.3223","GiGO公式店舗詳細(Google Mapsリンク)","2026-07-22"
"e017c48c-a0c9-4893-a999-88c146135261","カプセル楽局糀谷店","カプセル楽局","confirmed","東京都","null","東京都大田区萩中2丁目8番15号1F","https://www.warehousenet.jp/capsule","null","35.5519906","139.7272125","カプセル楽局公式Google Mapsリンク","2026-07-22"
"e0726fb4-8953-4a64-8e30-7cccf29d1f0d","GiGO鳥取","GiGO","candidate","鳥取県","null","鳥取県鳥取市安長416","https://www.gendagigo.jp/shop.html","null","35.5119","134.2106","GiGO公式店舗詳細(Google Mapsリンク)","2026-07-22"
"e215c527-00ed-4e28-a496-dd4b733e3cf9","ヨドバシカメラ マルチメディア梅田","ヨドバシカメラ","candidate","大阪府","null","大阪府大阪市北区大深町1-1","https://global.yodobashi/stores","null","34.7039559","135.4959793","バンダイ公式店舗API(店舗名完全一致)","2026-07-22"
"e2f32b00-e9ce-42d4-a32a-60c58db4ecb8","GiGOクレーンゲームオアシス入間","GiGO","candidate","埼玉県","null","埼玉県入間市豊岡一丁目11番1号 アイポットビル 2階","https://www.gendagigo.jp/shop.html","null","35.8359","139.3874","GiGO公式店舗詳細(Google Mapsリンク)","2026-07-22"
"e3124ddc-2bf5-4331-b00f-68628bf6b6d7","GiGO福山","GiGO","candidate","広島県","null","広島県福山市瀬戸町山北300","https://www.gendagigo.jp/shop.html","null","34.4761","133.316","GiGO公式店舗詳細(Google Mapsリンク)","2026-07-22"
"e44e8096-6770-4784-8c5a-a346c3441ebc","ヨドバシカメラ マルチメディアAkiba","ヨドバシカメラ","candidate","東京都","null","東京都千代田区神田花岡町1-1","https://global.yodobashi/stores","null","35.6989712","139.774683","バンダイ公式店舗API(店舗名完全一致)","2026-07-22"
"e4b97fa2-a286-4096-8f29-2e968685b080","GiGO阿蘇くまもと空港","GiGO","candidate","熊本県","null","熊本県上益城群益城町大字小谷1802-2 阿蘇くまもと空港 新旅客ターミナルビル 3F","https://www.gendagigo.jp/shop.html","null","32.8346","130.8584","GiGO公式店舗詳細(Google Mapsリンク)","2026-07-22"
"e54aad67-1239-4655-86db-04c5e83879ab","GiGO尾道","GiGO","candidate","広島県","null","広島県尾道市新浜1-2-13","https://www.gendagigo.jp/shop.html","null","34.403","133.1863","GiGO公式店舗詳細(Google Mapsリンク)","2026-07-22"
"e60082d7-f523-407b-b225-7fd7d58b34d9","GiGOつかしん","GiGO","candidate","兵庫県","null","兵庫県尼崎市塚口本町4-8-1つかしん内","https://www.gendagigo.jp/shop.html","null","34.7607","135.4183","GiGO公式店舗詳細(Google Mapsリンク)","2026-07-22"
"e703232e-b11a-4603-b5be-3765fd2f0425","カプセル楽局EX中野サンモール店","カプセル楽局","confirmed","東京都","null","東京都中野区中野5丁目65番12号 中野サンモール スノービル","https://www.warehousenet.jp/capsule","null","35.7070182","139.6630357","カプセル楽局公式Google Mapsリンク","2026-07-22"
"e8b1a505-cb5f-41c5-a177-944b671c2455","カプセル楽局千葉C・one店","カプセル楽局","confirmed","千葉県","null","千葉県千葉市中央区富士見2丁目25番1号 千葉ショッピングセンターC・one内","https://www.warehousenet.jp/capsule","null","35.6115887","140.1142454","カプセル楽局公式Google Mapsリンク","2026-07-22"
"e93befd0-c310-4fa9-ba03-c80d6efbfab3","GiGO八柱","GiGO","candidate","千葉県","null","千葉県松戸市日暮1-1-1八柱駅第2ビル2F","https://www.gendagigo.jp/shop.html","null","35.7914","139.9378","GiGO公式店舗詳細(Google Mapsリンク)","2026-07-22"
"eaa4ef20-3099-4d44-a736-647fd69bbefc","GiGO池袋1号館","GiGO","candidate","東京都","null","東京都豊島区東池袋1-22-12","https://www.gendagigo.jp/shop.html","null","35.73","139.716","GiGO公式店舗詳細(Google Mapsリンク)","2026-07-22"
"eb2a2346-d917-40dc-bc2f-525054cac27d","カプセル楽局十条店","カプセル楽局","confirmed","東京都","null","東京都北区十条仲原1丁目8番26号 清水ビル 1F","https://www.warehousenet.jp/capsule","null","35.762314","139.7214356","カプセル楽局公式Google Mapsリンク","2026-07-22"
"ec1d577a-1bb9-4a1c-9b35-f0402afadf43","GiGOイオン淡路","GiGO","candidate","兵庫県","null","兵庫県淡路市志筑新島10-2","https://www.gendagigo.jp/shop.html","null","34.426","134.906","GiGO公式店舗詳細(Google Mapsリンク)","2026-07-22"
"eca38b6f-5e38-486a-939e-a5a1b451c6ed","GiGO姫路駅前","GiGO","candidate","兵庫県","null","兵庫県姫路市駅前町254姫路駅前ビルB1F","https://www.gendagigo.jp/shop.html","null","34.8289","134.6911","GiGO公式店舗詳細(Google Mapsリンク)","2026-07-22"
"edc188df-3b94-4e15-8f12-c290a9643e8d","GiGOマルエツ新糀谷","GiGO","candidate","東京都","null","東京都大田区萩中2-12-5 マルエツ新糀谷店 2F","https://www.gendagigo.jp/shop.html","null","35.551","139.7329","GiGO公式店舗詳細(Google Mapsリンク)","2026-07-22"
"ede7b221-c04b-4b54-8183-3320027b6106","カプセル楽局早稲田駅前店","カプセル楽局","confirmed","東京都","null","東京都新宿区馬場下町5-1 ファミリーマート早稲田駅前店内","https://www.warehousenet.jp/capsule","null","35.7057943","139.7174251","カプセル楽局公式Google Mapsリンク","2026-07-22"
"f15ea844-14aa-44d2-9465-7b8867a9ef4c","ヨドバシカメラ マルチメディア仙台","ヨドバシカメラ","candidate","宮城県","null","宮城県仙台市宮城野区榴岡1丁目3番1号 ヨドバシ仙台第1ビル 2階~4階","https://global.yodobashi/stores","null","38.2591267","140.8852702","バンダイ公式店舗API(店舗名完全一致)","2026-07-22"
"f2b2e91d-2429-43a8-b541-26dc9a72f5cb","カプセル楽局柏駅東口店","カプセル楽局","confirmed","千葉県","null","千葉県柏市柏1丁目5−16","https://www.warehousenet.jp/capsule","null","35.8605729","139.9732153","カプセル楽局公式Google Mapsリンク","2026-07-22"
"f445d23c-b00a-478f-b138-ba516e3636c6","カプセル楽局赤羽スズラン通り店","カプセル楽局","confirmed","東京都","null","東京都北区赤羽2丁目1番18号","https://www.warehousenet.jp/capsule","null","35.7792859","139.7230096","カプセル楽局公式Google Mapsリンク","2026-07-22"
"f4528869-40ea-4869-af1b-1d9db4a9090d","カプセル楽局ひばりが丘店","カプセル楽局","confirmed","東京都","null","東京都西東京市ひばりが丘北4-3-30 ひばりヶ丘 JCビルIII 1F","https://www.warehousenet.jp/capsule","null","35.75255","139.3922647","カプセル楽局公式Google Mapsリンク","2026-07-22"
"f4d12d78-7e62-4a64-b2b5-d0ad543d7098","GiGOアクアウォーク大垣","GiGO","candidate","岐阜県","null","岐阜県大垣市林町六丁目80番21アクアウォーク大垣2F","https://www.gendagigo.jp/shop.html","null","35.369884","136.617233","既存登録座標(住所完全一致)","2026-07-22"
"f5933045-865f-4c3f-9f9d-3d506774a93f","GiGOアル・プラザ京田辺","GiGO","candidate","京都府","null","京都府京田辺市田辺中央5丁目2-1","https://www.gendagigo.jp/shop.html","null","34.8216","135.7694","GiGO公式店舗詳細(Google Mapsリンク)","2026-07-22"
"f6355428-5b9b-4ece-9b72-0cd6e3b5dc02","GiGOイトーヨーカドー武蔵小金井","GiGO","candidate","東京都","null","東京都小金井市本町6-14-9 イトーヨーカドー武蔵小金井店 4F","https://www.gendagigo.jp/shop.html","null","35.7003","139.5046","GiGO公式店舗詳細(Google Mapsリンク)","2026-07-22"
"f813a591-afb4-447c-bcdb-7716a049446a","カプセル楽局戸越銀座店","カプセル楽局","confirmed","東京都","null","東京都品川区戸越3丁目2-3 篠嵜ビル1F","https://www.warehousenet.jp/capsule","null","35.6150471","139.7151449","カプセル楽局公式Google Mapsリンク","2026-07-22"
"f8c0de1c-05ef-4407-bb81-917b03b33ea8","GiGOイオンスタイル上田","GiGO","candidate","長野県","null","長野県上田市常田2丁目12-18 イオンスタイル上田 1階","https://www.gendagigo.jp/shop.html","null","36.3926","138.2572","GiGO公式店舗詳細(Google Mapsリンク)","2026-07-22"
"faa9d7d7-eccf-4e60-8242-7c267fd5a956","カプセル楽局千歳烏山店","カプセル楽局","confirmed","東京都","null","東京都世田谷区南烏山6丁目7番19号","https://www.warehousenet.jp/capsule","null","35.66873","139.5994833","カプセル楽局公式Google Mapsリンク","2026-07-22"
"fb9a9745-45b1-4323-b9a0-3af5a4278756","GiGO松山","GiGO","candidate","愛媛県","null","愛媛県松山市枝松5-7-32","https://www.gendagigo.jp/shop.html","null","33.8282","132.7864","GiGO公式店舗詳細(Google Mapsリンク)","2026-07-22"
"fcd34c77-388e-4297-b196-2f17527595d2","GiGOあまがさきキューズモール","GiGO","candidate","兵庫県","null","兵庫県尼崎市潮江1-3-1あまがさきキューズモール内4F","https://www.gendagigo.jp/shop.html","null","34.7338","135.4306","GiGO公式店舗詳細(Google Mapsリンク)","2026-07-22"
"fd617a19-0967-4bf4-b737-12f39707d092","カプセル楽局新小岩ルミエール店","カプセル楽局","confirmed","東京都","null","東京都葛飾区新小岩1丁目51番1号","https://www.warehousenet.jp/capsule","null","35.7148396","139.860626","カプセル楽局公式Google Mapsリンク","2026-07-22"
"fe4849ca-e03f-4067-98f7-a3eae81b7eae","GiGOオリンピック墨田文花","GiGO","candidate","東京都","null","東京都墨田区文花1-31-9 オリンピック墨田文花店 1F","https://www.gendagigo.jp/shop.html","null","35.707","139.8234","GiGO公式店舗詳細(Google Mapsリンク)","2026-07-22"
