name,chain_name,prefecture,address,latitude,longitude,category,business_hours,official_url,source_checked_at
"ガシャポンのデパート 秋葉原店","ガシャポンのデパート","東京都","東京都千代田区外神田1丁目15-9 4階","35.6980094","139.7724164","ガチャ専門店","","https://gashapon.jp/shop/shop.php?shop_code=S90000847","2026-07-18"
"ガシャポンのデパート イトーヨーカドー木場店","ガシャポンのデパート","東京都","東京都江東区木場1-5-30 2F","35.6655840","139.8046592","ガチャ専門店","","https://gashapon.jp/shop/shop.php?shop_code=S90000577","2026-07-18"
"ガシャポンのデパート 浅草花やしき店","ガシャポンのデパート","東京都","東京都台東区浅草2-28-1 浅草花やしき (園外)※入園無料エリア","35.7154020","139.7939186","ガチャ専門店","","https://gashapon.jp/shop/shop.php?shop_code=S90000569","2026-07-18"
"ガシャポンのデパート イトーヨーカドーアリオ北砂店","ガシャポンのデパート","東京都","東京都江東区北砂2-17-1","35.6825292","139.8256137","ガチャ専門店","","https://gashapon.jp/shop/shop.php?shop_code=S90000787","2026-07-18"
"ガシャポンのデパート 王子サンスクエア店","ガシャポンのデパート","東京都","東京都北区王子1-4-1 サンスクエア 2F namco内","35.7529261","139.7388576","ガチャ専門店","","https://gashapon.jp/shop/shop.php?shop_code=S90000227","2026-07-18"
"ガシャポンのデパート イトーヨーカドー大井町店","ガシャポンのデパート","東京都","東京都品川区大井1-3-6 5F","35.6071707","139.7339881","ガチャ専門店","","https://gashapon.jp/shop/shop.php?shop_code=S90000734","2026-07-18"
"ガシャポンのデパート BIG FUN平和島店","ガシャポンのデパート","東京都","東京都大田区平和島1-1-1　ＢＩＧ ＦＵＮ平和島","35.5843408","139.7407983","ガチャ専門店","","https://gashapon.jp/shop/shop.php?shop_code=S90000973","2026-07-18"
"本屋さんのガシャポンのデパート 文教堂練馬高野台店","ガシャポンのデパート","東京都","東京都練馬区高野台1-7-17　ピーコックストア高野台店2F","35.7412661","139.6170756","ガチャ専門店","","https://gashapon.jp/shop/shop.php?shop_code=S90001465","2026-07-18"
"ガシャポンのデパート グランツリー武蔵小杉店","ガシャポンのデパート","神奈川県","神奈川県川崎市中原区新丸子東3-1135-1 4F","35.5737358","139.6602316","ガチャ専門店","","https://gashapon.jp/shop/shop.php?shop_code=S90000588","2026-07-18"
"ガシャポンのデパート 松戸店","ガシャポンのデパート","千葉県","千葉県松戸市松戸1230-1 ピアザ松戸1F＆B1F","35.7836203","139.9008972","ガチャ専門店","","https://gashapon.jp/shop/shop.php?shop_code=S90000214","2026-07-18"
"ガシャポンのデパート ラゾーナ川崎店","ガシャポンのデパート","神奈川県","神奈川県川崎市幸区堀川町72-1 LAZONA川崎プラザ 4F namcoラゾーナ川崎内","35.5325201","139.6958714","ガチャ専門店","","https://gashapon.jp/shop/shop.php?shop_code=S90000334","2026-07-18"
"本屋さんのガシャポンのデパート TSUTAYA BOOKSTORE 川崎駅前店","ガシャポンのデパート","神奈川県","神奈川県川崎市川崎区駅前本町8 ダイスビル5F","35.5311654","139.7001349","ガチャ専門店","","https://gashapon.jp/shop/shop.php?shop_code=S90000781","2026-07-18"
"ガシャポンのデパート イオンモール北戸田店","ガシャポンのデパート","埼玉県","埼玉県戸田市美女木東1-3-1　イオンモール北戸田3F","35.8263372","139.6528514","ガチャ専門店","","https://gashapon.jp/shop/shop.php?shop_code=S90000222","2026-07-18"
"ガシャポンのデパート トレッサ横浜店（最終営業日2026年5月10日）","ガシャポンのデパート","神奈川県","神奈川県横浜市港北区師岡町700 トレッサ横浜南棟3F","35.5254349","139.6457832","ガチャ専門店","","https://gashapon.jp/shop/shop.php?shop_code=S90000228","2026-07-18"
"ガシャポンのデパート 駿河屋柏青葉台店","ガシャポンのデパート","千葉県","千葉県柏市青葉台店2-17-31 2F","35.8124435","139.9575617","ガチャ専門店","","https://gashapon.jp/shop/shop.php?shop_code=S90000849","2026-07-18"
"ガシャポンのデパート イオンレイクタウンmori店","ガシャポンのデパート","埼玉県","埼玉県越谷市レイクタウン３丁目１番地１　イオンレイクタウンｍｏｒｉ３Ｆ","35.8820564","139.8283975","ガチャ専門店","","https://gashapon.jp/shop/shop.php?shop_code=S90001568","2026-07-18"
"ガシャポンのデパート 港北TOKYUショッピングセンター店","ガシャポンのデパート","神奈川県","神奈川県横浜市都筑区茅ヶ崎中央5-1 港北TOKYU S.C. 6F namco内","35.5442223","139.5722386","ガチャ専門店","","https://gashapon.jp/shop/shop.php?shop_code=S90000232","2026-07-18"
"ガシャポンのデパート 京王アートマン新百合丘店","ガシャポンのデパート","神奈川県","神奈川県川崎市麻生区上麻生1-1-1　新百合丘オーパ5F","35.6036400","139.5085643","ガチャ専門店","","https://gashapon.jp/shop/shop.php?shop_code=S90001295","2026-07-18"
"ガシャポンのデパート 流山おおたかの森SC店","ガシャポンのデパート","千葉県","千葉県流山市おおたかの森南1-5-1 おおたかの森S･C 3F","35.8702662","139.9265985","ガチャ専門店","","https://gashapon.jp/shop/shop.php?shop_code=S90000229","2026-07-18"
"ガシャポンのデパート イトーヨーカドーららぽーと横浜店","ガシャポンのデパート","神奈川県","神奈川県横浜市都筑区池辺町4035-1 2F","35.5157584","139.5660551","ガチャ専門店","","https://gashapon.jp/shop/shop.php?shop_code=S90000395","2026-07-18"
"ガシャポンのデパート 横浜ビブレ店","ガシャポンのデパート","神奈川県","神奈川県横浜市西区南幸２－１５－１３","35.4650739","139.6183378","ガチャ専門店","","https://gashapon.jp/shop/shop.php?shop_code=S90000624","2026-07-18"
"ガシャポンのデパート エディオン横浜西口本店","ガシャポンのデパート","神奈川県","神奈川県横浜市西区南幸2丁目16　7階ネバーランドフロア内","35.4646753","139.6173725","ガチャ専門店","","https://gashapon.jp/shop/shop.php?shop_code=S90001133","2026-07-18"
"ガシャポンのデパート イオンモール八千代緑が丘店","ガシャポンのデパート","千葉県","千葉県八千代市緑が丘2-1-3　イオンモール八千代緑が丘4F","35.7278679","140.0731698","ガチャ専門店","","https://gashapon.jp/shop/shop.php?shop_code=S90000850","2026-07-18"
"ガシャポンのデパート ステラタウン店","ガシャポンのデパート","埼玉県","埼玉県さいたま市北区宮原町1-854-1 ステラタウン 3F namco内","35.9329251","139.6219398","ガチャ専門店","","https://gashapon.jp/shop/shop.php?shop_code=S90000239","2026-07-18"
"ガシャポンのデパート イオンタウンふじみ野店","ガシャポンのデパート","埼玉県","埼玉県ふじみ野市福岡2-1-6 イオンタウンふじみ野 3F","35.8806064","139.5218386","ガチャ専門店","","https://gashapon.jp/shop/shop.php?shop_code=S90000541","2026-07-18"
"ガシャポンのデパート ららぽーと立川立飛店","ガシャポンのデパート","東京都","東京都立川市泉町935-1 ららぽーと立川立飛店 3F","35.7127757","139.4178745","ガチャ専門店","","https://gashapon.jp/shop/shop.php?shop_code=S90000378","2026-07-18"
"ガシャポンのデパート 立川高島屋S.C.店","ガシャポンのデパート","東京都","東京都立川市曙町2-39-3　3F","35.7008078","139.4134232","ガチャ専門店","","https://gashapon.jp/shop/shop.php?shop_code=S90001115","2026-07-18"
"本屋さんのガシャポンのデパート オリオン書房ノルテ店（最終営業日2026年7月14日）","ガシャポンのデパート","東京都","東京都立川市曙町2-42-1　パークアベニュー3F","35.7005920","139.4121319","ガチャ専門店","","https://gashapon.jp/shop/shop.php?shop_code=S90000733","2026-07-18"
"ガシャポンのデパート 駿河屋町田旭町店","ガシャポンのデパート","東京都","東京都町田市旭町１丁目２４−１ ままともプラザ町田２F","35.5549136","139.4426035","ガチャ専門店","","https://gashapon.jp/shop/shop.php?shop_code=S90000942","2026-07-18"
"ガシャポンのデパート ララガーデン春日部店","ガシャポンのデパート","埼玉県","埼玉県春日部市南1丁目1－1","35.9773400","139.7553603","ガチャ専門店","","https://gashapon.jp/shop/shop.php?shop_code=S90001807","2026-07-18"
"ガシャポンのデパート イトーヨーカドーアリオ蘇我店","ガシャポンのデパート","千葉県","千葉県千葉市中央区川崎町52-7 イトーヨーカドーアリオ蘇我店 2F","35.5877456","140.1224811","ガチャ専門店","","https://gashapon.jp/shop/shop.php?shop_code=S90000576","2026-07-18"
"本屋さんのガシャポンのデパート TSUTAYA南古谷店","ガシャポンのデパート","埼玉県","埼玉県川越市泉町３－１　ウニクス南古谷プラザ棟内","35.9054274","139.5132992","ガチャ専門店","","https://gashapon.jp/shop/shop.php?shop_code=S90001721","2026-07-18"
"ガシャポンのデパート イトーヨーカドー大和鶴間店","ガシャポンのデパート","神奈川県","神奈川県大和市下鶴間1-3-1","35.4902654","139.4574866","ガチャ専門店","","https://gashapon.jp/shop/shop.php?shop_code=S90001653","2026-07-18"
"ガシャポンのデパート アリオ市原店","ガシャポンのデパート","千葉県","千葉県市原市更級4丁目3-2　２F","35.5079292","140.1015084","ガチャ専門店","","https://gashapon.jp/shop/shop.php?shop_code=S90001173","2026-07-18"
"本屋さんのガシャポンのデパート 文教堂南大沢店","ガシャポンのデパート","東京都","東京都八王子市南大沢2-28-1　ガレリア・ユギ　5階","35.6130154","139.3791009","ガチャ専門店","","https://gashapon.jp/shop/shop.php?shop_code=S90001413","2026-07-18"
"ガシャポンのデパート イオンモール座間店","ガシャポンのデパート","神奈川県","神奈川県座間市広野台2-10-4 イオンモール座間店 3F","35.5011809","139.4256012","ガチャ専門店","","https://gashapon.jp/shop/shop.php?shop_code=S90000578","2026-07-18"
"本屋さんのガシャポンのデパート TSUTAYA QLuRi川越店","ガシャポンのデパート","埼玉県","埼玉県川越市小室385-1","35.9143143","139.4636258","ガチャ専門店","","https://gashapon.jp/shop/shop.php?shop_code=S90000368","2026-07-18"
"本屋さんのガシャポンのデパート TSUTAYA BOOKSTORE 印西ビッグホップ店","ガシャポンのデパート","千葉県","千葉県印西市原1丁目2番地 BIGHOPガーデンモール印西1F","35.8026014","140.1626599","ガチャ専門店","","https://gashapon.jp/shop/shop.php?shop_code=S90000807","2026-07-18"
"CLUB#C-pla MAIHAMA店","#C-pla（シープラ）","千葉県","千葉県浦安市舞浜1-4 イクスピアリA-274","35.6312640","139.8743290","ガチャ専門店","","https://toshin.jpn.com/shop/clubc-pla-maihama%e5%ba%97/","2026-07-18"
"#C-pla 長崎ハマクロス411店","#C-pla（シープラ）","長崎県","長崎県長崎市浜町4-11 HAMACROSS411 1階","32.7441180","129.8780520","ガチャ専門店","","https://toshin.jpn.com/shop/%e9%95%b7%e5%b4%8e%e3%83%8f%e3%83%9e%e3%82%af%e3%83%ad%e3%82%b9411%e5%ba%97/","2026-07-18"
"#C-pla 大和プロス店","#C-pla（シープラ）","神奈川県","神奈川県大和市大和東1-1-1 大和駅ビルプロス 2階","35.4696880","139.4612120","ガチャ専門店","","https://toshin.jpn.com/shop/%e5%a4%a7%e5%92%8c%e3%83%97%e3%83%ad%e3%82%b9%e5%ba%97/","2026-07-18"
"#C-pla 中洲春吉店","#C-pla（シープラ）","福岡県","福岡県福岡市中央区春吉3丁目12-1 JOJOビル 1階","33.5900990","130.4072420","ガチャ専門店","","https://toshin.jpn.com/shop/%e4%b8%ad%e6%b4%b2%e6%98%a5%e5%90%89%e5%ba%97/","2026-07-18"
"#C-pla イオンタウン東習志野店","#C-pla（シープラ）","千葉県","千葉県習志野市東習志野6丁目7-8 イオンタウン東習志野 1階","35.7004050","140.0678250","ガチャ専門店","","https://toshin.jpn.com/shop/%e3%82%a4%e3%82%aa%e3%83%b3%e3%82%bf%e3%82%a6%e3%83%b3%e6%9d%b1%e7%bf%92%e5%bf%97%e9%87%8e%e5%ba%97/","2026-07-18"
"#C-pla COTOE橋本店","#C-pla（シープラ）","神奈川県","神奈川県相模原市緑区西橋本5丁目4番3 COTOE橋本 2階","35.5975230","139.3352200","ガチャ専門店","","https://toshin.jpn.com/shop/cotoe%e6%a9%8b%e6%9c%ac%e5%ba%97/","2026-07-18"
"#C-pla 未来屋書店葛西店","#C-pla（シープラ）","東京都","東京都江戸川区西葛西3-9-19 イオン葛西店 4階","35.6698680","139.8584290","ガチャ専門店","","https://toshin.jpn.com/shop/%e6%9c%aa%e6%9d%a5%e5%b1%8b%e6%9b%b8%e5%ba%97%e8%91%9b%e8%a5%bf%e5%ba%97/","2026-07-18"
"#C-pla ザ・ビッグ 清田店","#C-pla（シープラ）","北海道","北海道札幌市清田区平岡1条1丁目1-3 ザ・ビッグ清田 2階","42.9980130","141.4429320","ガチャ専門店","","https://toshin.jpn.com/shop/%e3%82%b6%e3%83%bb%e3%83%93%e3%83%83%e3%82%b0-%e6%b8%85%e7%94%b0%e5%ba%97/","2026-07-18"
"#C-pla ウィング高輪店","#C-pla（シープラ）","東京都","東京都港区高輪4‐10‐18 ウィング高輪 1階","35.6285740","139.7369840","ガチャ専門店","","https://toshin.jpn.com/shop/%e3%82%a6%e3%82%a4%e3%83%b3%e3%82%b0%e9%ab%98%e8%bc%aa%e5%ba%97/","2026-07-18"
"#C-pla ラスカ平塚店","#C-pla（シープラ）","神奈川県","神奈川県平塚市宝町1-1 ラスカ平塚 新館5階","35.3283160","139.3509520","ガチャ専門店","","https://toshin.jpn.com/shop/%e3%83%a9%e3%82%b9%e3%82%ab%e5%b9%b3%e5%a1%9a%e5%ba%97/","2026-07-18"
"#C-pla 綱島駅前店","#C-pla（シープラ）","神奈川県","神奈川県横浜市港北区綱島西一丁目1番7号 有馬ビル 1階・3階","35.5364530","139.6342160","ガチャ専門店","","https://toshin.jpn.com/shop/%e7%b6%b1%e5%b3%b6%e9%a7%85%e5%89%8d%e5%ba%97/","2026-07-18"
"#C-pla 天神西通り2号店","#C-pla（シープラ）","福岡県","福岡県福岡市中央区天神2丁目7番21号 天神プライム 1階","33.5902630","130.3964390","ガチャ専門店","","https://toshin.jpn.com/shop/%e5%a4%a9%e7%a5%9e%e8%a5%bf%e9%80%9a%e3%82%8a2%e5%8f%b7%e5%ba%97/","2026-07-18"
"#C-pla Oshi-pla Labo店","#C-pla（シープラ）","東京都","東京都渋谷区神南１丁目18-2 フレーム神南坂 地下1階 (#C-pla Labo店 店舗内)","35.6626360","139.7003020","ガチャ専門店","","https://toshin.jpn.com/shop/oshi-pla-%e6%b8%8b%e8%b0%b7labo%e5%ba%97/","2026-07-18"
"#C-pla コープさっぽろ にしの店","#C-pla（シープラ）","北海道","北海道札幌市西区西野3条3丁目2−5","43.0741230","141.2819820","ガチャ専門店","","https://toshin.jpn.com/shop/%e3%82%b3%e3%83%bc%e3%83%97%e3%81%95%e3%81%a3%e3%81%bd%e3%82%8d%e3%81%ab%e3%81%97%e3%81%ae%e5%ba%97/","2026-07-18"
"#C-pla イオンモール富谷店","#C-pla（シープラ）","宮城県","宮城県富谷市大清水1丁目33-1 イオンモール富谷 2階","38.3634110","140.8738100","ガチャ専門店","","https://toshin.jpn.com/shop/%e3%82%a4%e3%82%aa%e3%83%b3%e3%83%a2%e3%83%bc%e3%83%ab%e5%af%8c%e8%b0%b7%e5%ba%97/","2026-07-18"
"#C-pla 神戸マルイ2号店","#C-pla（シープラ）","兵庫県","兵庫県神戸市中央区三宮町1丁目7-2 神戸マルイ 5階","34.6922340","135.1944430","ガチャ専門店","","https://toshin.jpn.com/shop/%e7%a5%9e%e6%88%b8%e3%83%9e%e3%83%ab%e3%82%a42%e5%8f%b7%e5%ba%97/","2026-07-18"
"#C-pla ピオレ姫路店","#C-pla（シープラ）","兵庫県","兵庫県姫路市駅前町188番1 ピオレ姫路 ピオレ2","34.8276210","134.6908420","ガチャ専門店","","https://toshin.jpn.com/shop/%e3%83%94%e3%82%aa%e3%83%ac%e5%a7%ab%e8%b7%af%e5%ba%97/","2026-07-18"
"#C-pla アミュプラザくまもと店","#C-pla（シープラ）","熊本県","熊本県熊本市西区春日3丁目15番26号 アミュプラザくまもと 5階","32.7889670","130.6882320","ガチャ専門店","","https://toshin.jpn.com/shop/%e3%82%a2%e3%83%9f%e3%83%a5%e3%83%97%e3%83%a9%e3%82%b6%e3%81%8f%e3%81%be%e3%82%82%e3%81%a8%e5%ba%97/","2026-07-18"
"#C-pla ららテラスHARUMI FLAG店","#C-pla（シープラ）","東京都","東京都中央区晴海五丁⽬2番31号 ららテラスHARUMI FLAG 2階","35.6495060","139.7750550","ガチャ専門店","","https://toshin.jpn.com/shop/%e3%82%89%e3%82%89%e3%83%86%e3%83%a9%e3%82%b9harumi-flag%e5%ba%97/","2026-07-18"
"#C-pla 2nd イオンモール豊川店","#C-pla（シープラ）","愛知県","愛知県豊川市白鳥町兎足1-16 イオンモール豊川 3階","34.8255000","137.3540950","ガチャ専門店","","https://toshin.jpn.com/shop/%e3%82%a4%e3%82%aa%e3%83%b3%e3%83%a2%e3%83%bc%e3%83%ab%e8%b1%8a%e5%b7%9d2nd%e5%ba%97/","2026-07-18"
"#C-pla 代官山アドレス・ディセ店","#C-pla（シープラ）","東京都","東京都渋谷区代官山町17-6 代官山アドレス・ディセ 3階","35.6500090","139.7034000","ガチャ専門店","","https://toshin.jpn.com/shop/%e4%bb%a3%e5%ae%98%e5%b1%b1%e3%82%a2%e3%83%89%e3%83%ac%e3%82%b9%e3%83%bb%e3%83%87%e3%82%a3%e3%82%bb%e5%ba%97/","2026-07-18"
"#C-pla コープ高砂店","#C-pla（シープラ）","宮城県","宮城県多賀城市高橋2-17-3 コープ高砂","38.2849200","140.9744570","ガチャ専門店","","https://toshin.jpn.com/shop/%e3%82%b3%e3%83%bc%e3%83%97%e9%ab%98%e7%a0%82%e5%ba%97/","2026-07-18"
"#C-pla 高崎モントレー店","#C-pla（シープラ）","群馬県","群馬県高崎市八島町222番地 高崎モントレー 2階","36.3216060","139.0131070","ガチャ専門店","","https://toshin.jpn.com/shop/%e9%ab%98%e5%b4%8e%e3%83%a2%e3%83%b3%e3%83%88%e3%83%ac%e3%83%bc%e5%ba%97/","2026-07-18"
"＃C-pla OKAWARI！ プラーレ松戸店","#C-pla（シープラ）","千葉県","千葉県松戸市松戸1149-1 プラーレ松戸 3階","35.7828940","139.9024960","ガチャ専門店","","https://toshin.jpn.com/shop/%ef%bc%83c-pla-okawari%ef%bc%81-%e3%83%97%e3%83%a9%e3%83%bc%e3%83%ac%e6%9d%be%e6%88%b8%e5%ba%97/","2026-07-18"
"#C-pla 未来屋書店手稲山口店","#C-pla（シープラ）","北海道","北海道札幌市手稲区明日風6丁目1番1号 イオンスーパーセンター手稲山口 1階 未来屋書店店内","43.1416280","141.2339480","ガチャ専門店","","https://toshin.jpn.com/shop/%e6%9c%aa%e6%9d%a5%e5%b1%8b%e6%9b%b8%e5%ba%97%e6%89%8b%e7%a8%b2%e5%b1%b1%e5%8f%a3%e5%ba%97/","2026-07-18"
"＃C-pla 2nd 調布PARCO店","#C-pla（シープラ）","東京都","東京都調布市小島町1-38-1 調布PARCO 5階","35.6528050","139.5435180","ガチャ専門店","","https://toshin.jpn.com/shop/%ef%bc%83c-pla-2nd-%e8%aa%bf%e5%b8%83parco%e5%ba%97/","2026-07-18"
"＃C-pla 3rd イオンモール上尾店","#C-pla（シープラ）","埼玉県","埼玉県上尾市愛宕3丁目8番1号 イオンモール上尾 2階","35.9650760","139.5980680","ガチャ専門店","","https://toshin.jpn.com/shop/%ef%bc%83c-pla-3rd-%e3%82%a4%e3%82%aa%e3%83%b3%e3%83%a2%e3%83%bc%e3%83%ab%e4%b8%8a%e5%b0%be%e5%ba%97/","2026-07-18"
"#C-pla 未来屋書店アシーネ麻生店","#C-pla（シープラ）","北海道","北海道札幌市北区北39条西4-1-5 イオン札幌麻生 4階 未来屋書店店内","43.1065030","141.3397670","ガチャ専門店","","https://toshin.jpn.com/shop/%e6%9c%aa%e6%9d%a5%e5%b1%8b%e6%9b%b8%e5%ba%97%e3%82%a2%e3%82%b7%e3%83%bc%e3%83%8d%e9%ba%bb%e7%94%9f%e5%ba%97/","2026-07-18"
"#C-pla ミウィ橋本店","#C-pla（シープラ）","神奈川県","神奈川県相模原市緑区橋本3丁目28番1号 ミウィ橋本 地下1階","35.5943260","139.3465580","ガチャ専門店","","https://toshin.jpn.com/shop/%e3%83%9f%e3%82%a6%e3%82%a3%e6%a9%8b%e6%9c%ac%e5%ba%97/","2026-07-18"
"#C-pla マックスバリュ中札内店","#C-pla（シープラ）","北海道","北海道河西郡中札内村大通南6丁目3-1-8","42.6931760","143.1281280","ガチャ専門店","","https://toshin.jpn.com/shop/%e3%83%9e%e3%83%83%e3%82%af%e3%82%b9%e3%83%90%e3%83%aa%e3%83%a5%e4%b8%ad%e6%9c%ad%e5%86%85%e5%ba%97/","2026-07-18"
"#C-pla 小倉京町店","#C-pla（シープラ）","福岡県","福岡県北九州市小倉北区京町2丁目6番17号","33.8856390","130.8811040","ガチャ専門店","","https://toshin.jpn.com/shop/%e5%b0%8f%e5%80%89%e4%ba%ac%e7%94%ba%e5%ba%97/","2026-07-18"
"#C-pla 東武イーストモール端野店","#C-pla（シープラ）","北海道","北海道北見市端野町三区572番地1","43.8504640","143.9212950","ガチャ専門店","","https://toshin.jpn.com/shop/%e6%9d%b1%e6%ad%a6%e3%82%a4%e3%83%bc%e3%82%b9%e3%83%88%e3%83%a2%e3%83%bc%e3%83%ab%e7%ab%af%e9%87%8e%e5%ba%97/","2026-07-18"
"#C-pla ゆめタウンはません2号店","#C-pla（シープラ）","熊本県","熊本県熊本市南区田井島1丁目2-1 ゆめタウンはません 2階","32.7731320","130.7239990","ガチャ専門店","","https://toshin.jpn.com/shop/%e3%82%86%e3%82%81%e3%82%bf%e3%82%a6%e3%83%b3%e3%81%af%e3%81%be%e3%81%9b%e3%82%932%e5%8f%b7%e5%ba%97/","2026-07-18"
"#C-pla PICTALE 静岡パルシェ店","#C-pla（シープラ）","静岡県","静岡県静岡市葵区黒金町49番地 静岡パルシェ 6階","34.9717940","138.3889010","ガチャ専門店","","https://toshin.jpn.com/shop/pictale%e3%80%80%e9%9d%99%e5%b2%a1%e3%83%91%e3%83%ab%e3%82%b7%e3%82%a7%e5%ba%97/","2026-07-18"
"#C-pla ゆめタウン高松店","#C-pla（シープラ）","香川県","香川県高松市三条町608-1 ゆめタウン高松 2階","34.3143920","134.0467530","ガチャ専門店","","https://toshin.jpn.com/shop/%e3%82%86%e3%82%81%e3%82%bf%e3%82%a6%e3%83%b3%e9%ab%98%e6%9d%be%e5%ba%97/","2026-07-18"
"#C-pla 横浜中華街店","#C-pla（シープラ）","神奈川県","神奈川県横浜市中区山下町143番1 サリオビル 1階・2階・3階","35.4426420","139.6447140","ガチャ専門店","","https://toshin.jpn.com/shop/%e6%a8%aa%e6%b5%9c%e4%b8%ad%e8%8f%af%e8%a1%97%e5%ba%97/","2026-07-18"
"#C-pla ゼスト御池店","#C-pla（シープラ）","京都府","京都府京都市中京区御池通寺町東入下本能寺前町492-1 ゼスト御池地下街","35.0115280","135.7579500","ガチャ専門店","","https://toshin.jpn.com/shop/%e3%82%bc%e3%82%b9%e3%83%88%e5%be%a1%e6%b1%a0%e5%ba%97/","2026-07-18"
"#C-pla 東光ストア北広島店","#C-pla（シープラ）","北海道","北海道北広島市栄町1丁目2-1 東光ストア北広島 店内","42.9775160","141.5624690","ガチャ専門店","","https://toshin.jpn.com/shop/%e6%9d%b1%e5%85%89%e3%82%b9%e3%83%88%e3%82%a2%e5%8c%97%e5%ba%83%e5%b3%b6%e5%ba%97/","2026-07-18"
"#C-pla 金沢片町店","#C-pla（シープラ）","石川県","石川県金沢市片町１丁目3番17号 砂場ビル 1階","36.5609890","136.6534270","ガチャ専門店","","https://toshin.jpn.com/shop/%e9%87%91%e6%b2%a2%e7%89%87%e7%94%ba%e5%ba%97/","2026-07-18"
"#C-pla 三宮センター街店","#C-pla（シープラ）","兵庫県","兵庫県神戸市中央区三宮町1丁目8番1号 さんプラザ 1階","34.6921460","135.1933440","ガチャ専門店","","https://toshin.jpn.com/shop/%e4%b8%89%e5%ae%ae%e3%82%bb%e3%83%b3%e3%82%bf%e3%83%bc%e8%a1%97/","2026-07-18"
"#C-pla イオンモール須坂店","#C-pla（シープラ）","長野県","長野県須坂市大字福島386番地1 イオンモール須坂 3階","36.6461910","138.2651370","ガチャ専門店","","https://toshin.jpn.com/shop/%e3%82%a4%e3%82%aa%e3%83%b3%e3%83%a2%e3%83%bc%e3%83%ab%e9%a0%88%e5%9d%82/","2026-07-18"
"#C-pla ルミネ大宮店","#C-pla（シープラ）","埼玉県","埼玉県さいたま市大宮区錦町630 ルミネ大宮ルミネ1 6階","35.9042890","139.6240690","ガチャ専門店","","https://toshin.jpn.com/shop/%e3%83%ab%e3%83%9f%e3%83%8d%e5%a4%a7%e5%ae%ae%e5%ba%97/","2026-07-18"
"#C-pla MARK IS 葛飾かなまち店","#C-pla（シープラ）","東京都","東京都葛飾区東金町1丁目10番1号 MARK IS 葛飾かなまち 3階","35.7705920","139.8668370","ガチャ専門店","","https://toshin.jpn.com/shop/mark-is-%e8%91%9b%e9%a3%be%e3%81%8b%e3%81%aa%e3%81%be%e3%81%a1%e5%ba%97/","2026-07-18"
"#C-pla 東急プラザ原宿「ハラカド」店","#C-pla（シープラ）","東京都","東京都渋谷区神宮前6丁目31番21号 東急プラザ原宿「ハラカド」 B1階","35.6685220","139.7049710","ガチャ専門店","","https://toshin.jpn.com/shop/%e6%9d%b1%e6%80%a5%e3%83%97%e3%83%a9%e3%82%b6%e5%8e%9f%e5%ae%bf%e3%80%8c%e3%83%8f%e3%83%a9%e3%82%ab%e3%83%89%e3%80%8d%e5%ba%97/","2026-07-18"
"#C-pla 御影クラッセ店","#C-pla（シープラ）","兵庫県","兵庫県神戸市東灘区御影中町3丁目2-1 御影クラッセ 3階","34.7160910","135.2548680","ガチャ専門店","","https://toshin.jpn.com/shop/%e5%be%a1%e5%bd%b1%e3%82%af%e3%83%a9%e3%83%83%e3%82%bb%e5%ba%97/","2026-07-18"
"#C-pla Oshi-pla横浜西口店","#C-pla（シープラ）","神奈川県","神奈川県横浜市西区南幸1丁目10番地1 相鉄南幸16ビル 3階","35.4652330","139.6198430","ガチャ専門店","","https://toshin.jpn.com/shop/oshi-pla%e6%a8%aa%e6%b5%9c%e8%a5%bf%e5%8f%a3%e5%ba%97/","2026-07-18"
"#C-pla Oshi-plaアドホック新宿店","#C-pla（シープラ）","東京都","東京都新宿区新宿3丁目15番11号 アドホック新宿 M2階","35.6929090","139.7033390","ガチャ専門店","","https://toshin.jpn.com/shop/oshi-pla-%e3%82%a2%e3%83%89%e3%83%9b%e3%83%83%e3%82%af%e6%96%b0%e5%ae%bf%e5%ba%97/","2026-07-18"
"#C-pla CiiNA CiiNA琴似店","#C-pla（シープラ）","北海道","北海道札幌市西区琴似2条1丁目4-1 CiiNA CiiNA琴似 3階","43.0806050","141.3067930","ガチャ専門店","","https://toshin.jpn.com/shop/ciina-ciina%e7%90%b4%e4%bc%bc%e5%ba%97/","2026-07-18"
"#C-pla 梅田茶屋町店","#C-pla（シープラ）","大阪府","大阪府大阪市北区茶屋町2-19 JPR茶屋町ビル 1階・2階・3階","34.7059940","135.4989010","ガチャ専門店","","https://toshin.jpn.com/shop/%e6%a2%85%e7%94%b0%e8%8c%b6%e5%b1%8b%e7%94%ba%e5%ba%97/","2026-07-18"
"#C-pla ゆめタウン福山店","#C-pla（シープラ）","広島県","広島県福山市入船町3-1-60 ゆめタウン福山 2階","34.4857640","133.3790280","ガチャ専門店","","https://toshin.jpn.com/shop/%e3%82%86%e3%82%81%e3%82%bf%e3%82%a6%e3%83%b3%e7%a6%8f%e5%b1%b1%e5%ba%97/","2026-07-18"
"#C-pla アリオ川口店","#C-pla（シープラ）","埼玉県","埼玉県川口市並木元町1番79号 アリオ川口 2階","35.8068850","139.7158200","ガチャ専門店","","https://toshin.jpn.com/shop/%e3%82%a2%e3%83%aa%e3%82%aa%e5%b7%9d%e5%8f%a3%e5%ba%97/","2026-07-18"
"#C-pla プラットプラット堺店","#C-pla（シープラ）","大阪府","大阪府堺市堺区戎島町3-22-1 プラットプラット2階","34.5827480","135.4695590","ガチャ専門店","","https://toshin.jpn.com/shop/%e3%83%97%e3%83%a9%e3%83%83%e3%83%88%e3%83%97%e3%83%a9%e3%83%83%e3%83%88%e5%a0%ba%e5%ba%97/","2026-07-18"
"#C-pla 仙台SELVA店","#C-pla（シープラ）","宮城県","宮城県仙台市泉区泉中央1丁目4-1 泉ショッピングプラザセルバ 4階","38.3236390","140.8822170","ガチャ専門店","","https://toshin.jpn.com/shop/%e4%bb%99%e5%8f%b0selva%e5%ba%97/","2026-07-18"
"#C-pla 樟葉駅前店","#C-pla（シープラ）","大阪府","大阪府枚方市楠葉花園町14番10号 京阪くずは駅ビル","34.8602410","135.6742100","ガチャ専門店","","https://toshin.jpn.com/shop/%e6%a8%9f%e8%91%89%e9%a7%85%e5%89%8d%e5%ba%97/","2026-07-18"
"#C-pla アゼリアモール店","#C-pla（シープラ）","群馬県","群馬県館林市楠町3648-1 アゼリアモール B館2階","36.2422260","139.5684970","ガチャ専門店","","https://toshin.jpn.com/shop/%e3%82%a2%e3%82%bc%e3%83%aa%e3%82%a2%e3%83%a2%e3%83%bc%e3%83%ab%e5%ba%97/","2026-07-18"
"#C-pla ゆめタウンサンピアン2号店","#C-pla（シープラ）","熊本県","熊本県熊本市東区上南部2丁目2番2号 ゆめタウンサンピアン 3階 営業時間 10:00～21:00","32.8260420","130.7635040","ガチャ専門店","","https://toshin.jpn.com/shop/%e3%82%86%e3%82%81%e3%82%bf%e3%82%a6%e3%83%b3%e3%82%b5%e3%83%b3%e3%83%94%e3%82%a2%e3%83%b32%e5%8f%b7%e5%ba%97/","2026-07-18"
"#C-pla ゆめタウンサンピアン1号店","#C-pla（シープラ）","熊本県","熊本県熊本市東区上南部2丁目2番2号 ゆめタウンサンピアン 1階 営業時間 10:00～21:00","32.8260420","130.7635040","ガチャ専門店","","https://toshin.jpn.com/shop/%e3%82%86%e3%82%81%e3%82%bf%e3%82%a6%e3%83%b3%e3%82%b5%e3%83%b3%e3%83%94%e3%82%a2%e3%83%b31%e5%8f%b7%e5%ba%97/","2026-07-18"
"#C-pla マックスバリュ澄川店","#C-pla（シープラ）","北海道","北海道札幌市南区澄川4条2丁目2-6 マックスバリュ澄川 2階","43.0165750","141.3666080","ガチャ専門店","","https://toshin.jpn.com/shop/%e3%83%9e%e3%83%83%e3%82%af%e3%82%b9%e3%83%90%e3%83%aa%e3%83%a5%e6%be%84%e5%b7%9d%e5%ba%97/","2026-07-18"
"#C-pla 千葉駅前店","#C-pla（シープラ）","千葉県","千葉県千葉市中央区富士見2-4-15 第一東和ビル 1階","35.6109350","140.1162570","ガチャ専門店","","https://toshin.jpn.com/shop/%e5%8d%83%e8%91%89%e9%a7%85%e5%89%8d%e5%ba%97/","2026-07-18"
"#C-pla えきマチ１丁目別府店","#C-pla（シープラ）","大分県","大分県別府市駅前町11番17号 えきマチ1丁目別府 BIS南館","33.2786450","131.5008090","ガチャ専門店","","https://toshin.jpn.com/shop/%e3%81%88%e3%81%8d%e3%83%9e%e3%83%81%ef%bc%91%e4%b8%81%e7%9b%ae%e5%88%a5%e5%ba%9c%e5%ba%97/","2026-07-18"
"#C-pla マルイファミリー志木店","#C-pla（シープラ）","埼玉県","埼玉県志木市本町5丁目26-1 マルイファミリー志木 7階","35.8235550","139.5749210","ガチャ専門店","","https://toshin.jpn.com/shop/%e3%83%9e%e3%83%ab%e3%82%a4%e3%83%95%e3%82%a1%e3%83%9f%e3%83%aa%e3%83%bc%e5%bf%97%e6%9c%a8%e5%ba%97/","2026-07-18"
"#C-pla Oh!Me大津テラス店","#C-pla（シープラ）","滋賀県","滋賀県大津市打出浜14-30 Oh!Me大津テラス 5階","35.0044170","135.8799590","ガチャ専門店","","https://toshin.jpn.com/shop/ohme%e5%a4%a7%e6%b4%a5%e3%83%86%e3%83%a9%e3%82%b9%e5%ba%97/","2026-07-18"
"#C-pla 川西阪急スクエア店","#C-pla（シープラ）","兵庫県","兵庫県川西市栄町26-1 川西阪急スクエア 本館4階","34.8264580","135.4121860","ガチャ専門店","","https://toshin.jpn.com/shop/%e5%b7%9d%e8%a5%bf%e9%98%aa%e6%80%a5%e3%82%b9%e3%82%af%e3%82%a8%e3%82%a2%e5%ba%97/","2026-07-18"
"#C-pla エイスクエア店","#C-pla（シープラ）","滋賀県","滋賀県草津市西渋川1-23-23 エイスクエア SARA南館2階","35.0241890","135.9600980","ガチャ専門店","","https://toshin.jpn.com/shop/%e3%82%a8%e3%82%a4%e3%82%b9%e3%82%af%e3%82%a8%e3%82%a2%e5%ba%97/","2026-07-18"
"#C-pla 東急プラザ表参道「オモカド」店","#C-pla（シープラ）","東京都","東京都渋谷区神宮前4丁目30番3号 東急プラザ表参道「オモカド」 4階","35.6683920","139.7061770","ガチャ専門店","","https://toshin.jpn.com/shop/%e6%9d%b1%e6%80%a5%e3%83%97%e3%83%a9%e3%82%b6%e8%a1%a8%e5%8f%82%e9%81%93%e3%82%aa%e3%83%a2%e3%82%ab%e3%83%89%e5%ba%97/","2026-07-18"
"#C-pla フレスポスズランプラザ店","#C-pla（シープラ）","北海道","北海道帯広市稲田町南8線西10-1 フレスポスズランプラザ 2階","42.8898510","143.1980590","ガチャ専門店","","https://toshin.jpn.com/shop/%e3%83%95%e3%83%ac%e3%82%b9%e3%83%9d%e3%82%b9%e3%82%ba%e3%83%a9%e3%83%b3%e3%83%97%e3%83%a9%e3%82%b6%e5%ba%97/","2026-07-18"
"#C-pla 町田東急ツインズ店","#C-pla（シープラ）","東京都","東京都町田市原町田6丁目4番1号 東急ツインズ EAST3階","35.5424420","139.4460600","ガチャ専門店","","https://toshin.jpn.com/shop/%e7%94%ba%e7%94%b0%e6%9d%b1%e6%80%a5%e3%83%84%e3%82%a4%e3%83%b3%e3%82%ba%e5%ba%97/","2026-07-18"
"#C-pla 横浜西口店","#C-pla（シープラ）","神奈川県","神奈川県横浜市西区南幸1丁目10番地1 相鉄南幸16ビル 1階・2階・3階","35.4652330","139.6198430","ガチャ専門店","","https://toshin.jpn.com/shop/%e6%a8%aa%e6%b5%9c%e8%a5%bf%e5%8f%a3%e5%ba%97/","2026-07-18"
"#C-pla 博多駅博多口店","#C-pla（シープラ）","福岡県","福岡県福岡市博多区博多駅中央街 地下鉄博多駅構内","33.5897830","130.4205930","ガチャ専門店","","https://toshin.jpn.com/shop/%e5%8d%9a%e5%a4%9a%e9%a7%85%e5%8d%9a%e5%a4%9a%e5%8f%a3%e5%ba%97/","2026-07-18"
"#C-pla 南海なんば駅店","#C-pla（シープラ）","大阪府","大阪府大阪市中央区難波5丁目1番60号 2階駅構内","34.6649210","135.5011140","ガチャ専門店","","https://toshin.jpn.com/shop/%e5%8d%97%e6%b5%b7%e3%81%aa%e3%82%93%e3%81%b0%e9%a7%85%e5%ba%97/","2026-07-18"
"#C-pla 未来屋書店青森西店","#C-pla（シープラ）","青森県","青森県青森市三好2丁目3-19 ガーラタウン 2階 未来屋書店内","40.8332210","140.7021480","ガチャ専門店","","https://toshin.jpn.com/shop/%e6%9c%aa%e6%9d%a5%e5%b1%8b%e6%9b%b8%e5%ba%97%e9%9d%92%e6%a3%ae%e8%a5%bf%e5%ba%97/","2026-07-18"
"#C-pla CiiNACiiNA福住店","#C-pla（シープラ）","北海道","北海道札幌市豊平区福住2条1丁目2-5 CiiNACiiNA福住 3階","43.0205990","141.4040220","ガチャ専門店","","https://toshin.jpn.com/shop/ciinaciina%e7%a6%8f%e4%bd%8f%e5%ba%97/","2026-07-18"
"#C-pla なんばCITY店","#C-pla（シープラ）","大阪府","大阪府大阪市中央区難波5丁目1番60号 なんばCITY本館地下 2階","34.6649210","135.5011140","ガチャ専門店","","https://toshin.jpn.com/shop/%e3%81%aa%e3%82%93%e3%81%b0city%e5%ba%97/","2026-07-18"
"#C-pla minamoa広島店","#C-pla（シープラ）","広島県","広島県広島市南区松原町2番37号他 広島駅ビルminamoa 4階","34.3970570","132.4749910","ガチャ専門店","","https://toshin.jpn.com/shop/minamoa%e5%ba%83%e5%b3%b6%e5%ba%97/","2026-07-18"
"#C-pla モラージュ柏店","#C-pla（シープラ）","千葉県","千葉県柏市大山台2丁目3番地3 モラージュ柏 PartⅠ 2階","35.8826290","139.9692380","ガチャ専門店","","https://toshin.jpn.com/shop/%e3%83%a2%e3%83%a9%e3%83%bc%e3%82%b8%e3%83%a5%e6%9f%8f%e5%ba%97/","2026-07-18"
"#C-pla エビスタ西宮店","#C-pla（シープラ）","兵庫県","兵庫県西宮市田中町1番6号 エビスタ西宮 2階","34.7370030","135.3384860","ガチャ専門店","","https://toshin.jpn.com/shop/%e3%82%a8%e3%83%93%e3%82%b9%e3%82%bf%e8%a5%bf%e5%ae%ae%e5%ba%97/","2026-07-18"
"#C-pla ならファミリー店","#C-pla（シープラ）","奈良県","奈良県奈良市西大寺東町2-4-1 ならファミリー 3階","34.6950450","135.7851410","ガチャ専門店","","https://toshin.jpn.com/shop/%e3%81%aa%e3%82%89%e3%83%95%e3%82%a1%e3%83%9f%e3%83%aa%e3%83%bc%e5%ba%97/","2026-07-18"
"#C-pla 調布PARCO店","#C-pla（シープラ）","東京都","東京都調布市小島町1-38-1 調布PARCO 5階","35.6528050","139.5435180","ガチャ専門店","","https://toshin.jpn.com/shop/%e8%aa%bf%e5%b8%83parco%e5%ba%97/","2026-07-18"
"#C-pla 京都ファミリー店","#C-pla（シープラ）","京都府","京都府京都市右京区山ノ内池尻町1-1 京都ファミリー 3階","35.0047380","135.7204740","ガチャ専門店","","https://toshin.jpn.com/shop/%e4%ba%ac%e9%83%bd%e3%83%95%e3%82%a1%e3%83%9f%e3%83%aa%e3%83%bc%e5%ba%97/","2026-07-18"
"#C-pla ビナウォーク店","#C-pla（シープラ）","神奈川県","神奈川県海老名市中央1丁目4番1号 ビナウォーク 5番館1階","35.4521290","139.3925630","ガチャ専門店","","https://toshin.jpn.com/shop/%e3%83%93%e3%83%8a%e3%82%a6%e3%82%a9%e3%83%bc%e3%82%af%e5%ba%97/","2026-07-18"
"#C-pla アドホック新宿店","#C-pla（シープラ）","東京都","東京都新宿区新宿3丁目15番11号 アドホック新宿 1階・M2階","35.6929090","139.7033390","ガチャ専門店","","https://toshin.jpn.com/shop/%e6%96%b0%e5%ae%bf%e3%82%a2%e3%83%89%e3%83%9b%e3%83%83%e3%82%af%e5%ba%97/","2026-07-18"
"#C-pla 戸塚モディ店","#C-pla（シープラ）","神奈川県","神奈川県横浜市戸塚区戸塚町10 戸塚モディ 3階","35.4005050","139.5345610","ガチャ専門店","","https://toshin.jpn.com/shop/%e6%88%b8%e5%a1%9a%e3%83%a2%e3%83%87%e3%82%a3%e5%ba%97/","2026-07-18"
"#C-pla ekimo天王寺WEST店","#C-pla（シープラ）","大阪府","大阪府大阪市阿倍野区阿倍野筋一丁目1番48号 ekimo天王寺WEST","34.6463280","135.5137940","ガチャ専門店","","https://toshin.jpn.com/shop/ekimo%e5%a4%a9%e7%8e%8b%e5%af%bawest%e5%ba%97/","2026-07-18"
"#C-pla 大阪心斎橋筋1丁目店","#C-pla（シープラ）","大阪府","大阪府大阪市中央区心斎橋筋1丁目5番21号 三和スリーケイビル 1階・2階","34.6723900","135.5013730","ガチャ専門店","","https://toshin.jpn.com/shop/%e5%a4%a7%e9%98%aa%e5%bf%83%e6%96%8e%e6%a9%8b%e7%ad%8b1%e4%b8%81%e7%9b%ae%e5%ba%97/","2026-07-18"
"#C-pla 姫路駅前みゆき通り3号店","#C-pla（シープラ）","兵庫県","兵庫県姫路市呉服町32番地","34.8309290","134.6922300","ガチャ専門店","","https://toshin.jpn.com/shop/%e5%a7%ab%e8%b7%af%e9%a7%85%e5%89%8d%e3%81%bf%e3%82%86%e3%81%8d%e9%80%9a%e3%82%8a3%e5%8f%b7%e5%ba%97/","2026-07-18"
"#C-pla Oshi-pla 原宿竹下通り2号店","#C-pla（シープラ）","東京都","東京都渋谷区神宮前1丁目9番1号 ACN原宿竹下通りビル 地下1階","35.6709630","139.7052460","ガチャ専門店","","https://toshin.jpn.com/shop/oshi-pla-%e5%8e%9f%e5%ae%bf%e7%ab%b9%e4%b8%8b%e9%80%9a%e3%82%8a2%e5%8f%b7%e5%ba%97/","2026-07-18"
"#C-pla イオン旭川永山店","#C-pla（シープラ）","北海道","北海道旭川市永山3条12丁目2番11号 イオン旭川永山 3階","43.8021930","142.4217530","ガチャ専門店","","https://toshin.jpn.com/shop/%e3%82%a4%e3%82%aa%e3%83%b3%e6%97%ad%e5%b7%9d%e6%b0%b8%e5%b1%b1%e5%ba%97/","2026-07-18"
"#C-pla マックスバリュ深川店","#C-pla（シープラ）","北海道","北海道深川市5条西20番1号 マックスバリュ深川店内","43.7184720","142.0452270","ガチャ専門店","","https://toshin.jpn.com/shop/%e3%83%9e%e3%83%83%e3%82%af%e3%82%b9%e3%83%90%e3%83%aa%e3%83%a5%e6%b7%b1%e5%b7%9d%e5%ba%97/","2026-07-18"
"#C-pla 近鉄鶴橋駅店","#C-pla（シープラ）","大阪府","大阪府大阪市生野区鶴橋2丁目1-20 鶴橋駅構内 西3階コンコース","34.6653180","135.5322270","ガチャ専門店","","https://toshin.jpn.com/shop/%e8%bf%91%e9%89%84%e9%b6%b4%e6%a9%8b%e9%a7%85%e5%ba%97/","2026-07-18"
"#C-pla 仙台中央通り3号店","#C-pla（シープラ）","宮城県","宮城県仙台市青葉区一番町3丁目6番5号 仙台ブルージュビル 1階・2階","38.2608800","140.8737950","ガチャ専門店","","https://toshin.jpn.com/shop/%e4%bb%99%e5%8f%b0%e4%b8%ad%e5%a4%ae%e9%80%9a%e3%82%8a3%e5%8f%b7%e5%ba%97/","2026-07-18"
"#C-pla 三井アウトレットパーク入間店","#C-pla（シープラ）","埼玉県","埼玉県入間市宮寺3169－1 三井アウトレットパーク入間 B棟1階","35.8115310","139.3790130","ガチャ専門店","","https://toshin.jpn.com/shop/%e4%b8%89%e4%ba%95%e3%82%a2%e3%82%a6%e3%83%88%e3%83%ac%e3%83%83%e3%83%88%e3%83%91%e3%83%bc%e3%82%af%e5%85%a5%e9%96%93%e5%ba%97/","2026-07-18"
"#C-pla 名古屋矢場町店","#C-pla（シープラ）","愛知県","愛知県名古屋市中区大須4丁目1番79号 大島ビル 1階・2階","35.1616550","136.9066160","ガチャ専門店","","https://toshin.jpn.com/shop/%e5%90%8d%e5%8f%a4%e5%b1%8b%e7%9f%a2%e5%a0%b4%e7%94%ba%e5%ba%97/","2026-07-18"
"#C-pla 京都河原町OPA店","#C-pla（シープラ）","京都府","京都府京都市中京区河原町通四条上ル米屋町385番地 京都河原町オーパ B1階・4階","35.0099980","135.7513890","ガチャ専門店","","https://toshin.jpn.com/shop/%e4%ba%ac%e9%83%bd%e6%b2%b3%e5%8e%9f%e7%94%baopa%e5%ba%97/","2026-07-18"
"#C-pla 柏モディ店","#C-pla（シープラ）","千葉県","千葉県柏市柏1-2-26 柏モディ 5階","35.8608510","139.9712370","ガチャ専門店","","https://toshin.jpn.com/shop/%e6%9f%8f%e3%83%a2%e3%83%87%e3%82%a3%e5%ba%97/","2026-07-18"
"#C-pla 2nd モラージュ佐賀店","#C-pla（シープラ）","佐賀県","佐賀県佐賀市巨勢町大字牛島字二本松730番地 モラージュ佐賀 北館2階","33.2553440","130.3213810","ガチャ専門店","","https://toshin.jpn.com/shop/c-pla-2nd-%e3%83%a2%e3%83%a9%e3%83%bc%e3%82%b8%e3%83%a5%e4%bd%90%e8%b3%80%e5%ba%97/","2026-07-18"
"#C-pla 東武サウスヒルズ店","#C-pla（シープラ）","北海道","北海道標津郡中標津町南町3番地10 東武サウスヒルズ店内","43.5345570","144.9783940","ガチャ専門店","","https://toshin.jpn.com/shop/%e6%9d%b1%e6%ad%a6%e3%82%b5%e3%82%a6%e3%82%b9%e3%83%92%e3%83%ab%e3%82%ba%e5%ba%97/","2026-07-18"
"#C-pla アミュプラザ小倉店","#C-pla（シープラ）","福岡県","福岡県北九州市小倉北区浅野1丁目1番1号 アミュプラザ小倉 西館5階","33.8871920","130.8814850","ガチャ専門店","","https://toshin.jpn.com/shop/%e3%82%a2%e3%83%9f%e3%83%a5%e3%83%97%e3%83%a9%e3%82%b6%e5%b0%8f%e5%80%89%e5%ba%97/","2026-07-18"
"#C-pla モラージュ佐賀店","#C-pla（シープラ）","佐賀県","佐賀県佐賀市巨勢町大字牛島字二本松730番地 モラージュ佐賀 南館1階","33.2553440","130.3213810","ガチャ専門店","","https://toshin.jpn.com/shop/%e3%83%a2%e3%83%a9%e3%83%bc%e3%82%b8%e3%83%a5%e4%bd%90%e8%b3%80%e5%ba%97/","2026-07-18"
"#C-pla コープ柳生店","#C-pla（シープラ）","宮城県","宮城県仙台市太白区柳生5丁目1-1 みやぎ生協柳生店 1階","38.1958430","140.8635710","ガチャ専門店","","https://toshin.jpn.com/shop/%e3%82%b3%e3%83%bc%e3%83%97%e6%9f%b3%e7%94%9f%e5%ba%97/","2026-07-18"
"#C-pla LICOPA東大和店","#C-pla（シープラ）","東京都","東京都東大和市桜が丘2-142-1 LICOPA東大和 メゾン棟1階","35.7358510","139.4226230","ガチャ専門店","","https://toshin.jpn.com/shop/licopa%e6%9d%b1%e5%a4%a7%e5%92%8c%e5%ba%97/","2026-07-18"
"#C-pla CiiNACiiNA屯田店","#C-pla（シープラ）","北海道","北海道札幌市北区屯田8条8丁目5-1 CiiNACiiNA屯田 2階","43.1404690","141.3285830","ガチャ専門店","","https://toshin.jpn.com/shop/ciinaciina%e5%b1%af%e7%94%b0%e5%ba%97/","2026-07-18"
"#C-pla 姫路駅前みゆき通り2号店","#C-pla（シープラ）","兵庫県","兵庫県姫路市綿町129番地","34.8325770","134.6932070","ガチャ専門店","","https://toshin.jpn.com/shop/%e5%a7%ab%e8%b7%af%e9%a7%85%e5%89%8d%e3%81%bf%e3%82%86%e3%81%8d%e9%80%9a%e3%82%8a2%e5%8f%b7%e5%ba%97/","2026-07-18"
"#C-pla 仙台中央通り2号店","#C-pla（シープラ）","宮城県","宮城県仙台市青葉区一番町3丁目1番13号","38.2605170","140.8733670","ガチャ専門店","","https://toshin.jpn.com/shop/%e4%bb%99%e5%8f%b0%e4%b8%ad%e5%a4%ae%e9%80%9a%e3%82%8a2%e5%8f%b7%e5%ba%97/","2026-07-18"
"#C-pla 2nd SUNAMO店","#C-pla（シープラ）","東京都","東京都江東区新砂三丁目4番31号 南砂町ショッピングセンタースナモ 3階","35.6654850","139.8344880","ガチャ専門店","","https://toshin.jpn.com/shop/c-pla-2nd-sunamo%e5%ba%97/","2026-07-18"
"#C-pla イオン静内店","#C-pla（シープラ）","北海道","北海道日高郡新ひだか町静内末広町2丁目2-1 イオン静内 1階","42.3430290","142.3564000","ガチャ専門店","","https://toshin.jpn.com/shop/%e3%82%a4%e3%82%aa%e3%83%b3%e9%9d%99%e5%86%85%e5%ba%97/","2026-07-18"
"#C-pla ゆめタウン呉店","#C-pla（シープラ）","広島県","広島県呉市宝町5-10 ゆめタウン呉 3階","34.2429770","132.5560910","ガチャ専門店","","https://toshin.jpn.com/shop/%e3%82%86%e3%82%81%e3%82%bf%e3%82%a6%e3%83%b3%e5%91%89%e5%ba%97/","2026-07-18"
"#C-pla カラフルタウン岐阜店","#C-pla（シープラ）","岐阜県","岐阜県岐阜市柳津町丸野3丁目3番地6号 カラフルタウン岐阜 2階","35.3639680","136.7286070","ガチャ専門店","","https://toshin.jpn.com/shop/%e3%82%ab%e3%83%a9%e3%83%95%e3%83%ab%e3%82%bf%e3%82%a6%e3%83%b3%e5%b2%90%e9%98%9c%e5%ba%97/","2026-07-18"
"#C-pla ゆめタウン徳島店","#C-pla（シープラ）","徳島県","徳島県板野郡藍住町奥野字東中須88-1 ゆめタウン徳島 2階","34.1191180","134.5009770","ガチャ専門店","","https://toshin.jpn.com/shop/%e3%82%86%e3%82%81%e3%82%bf%e3%82%a6%e3%83%b3%e5%be%b3%e5%b3%b6%e5%ba%97/","2026-07-18"
"#C-pla 名古屋大須2号店","#C-pla（シープラ）","愛知県","愛知県名古屋市中区大須三丁目31番6号 KAWAETSU Aビル 1階A号室","35.1586490","136.9054410","ガチャ専門店","","https://toshin.jpn.com/shop/%e5%90%8d%e5%8f%a4%e5%b1%8b%e5%a4%a7%e9%a0%882%e5%8f%b7%e5%ba%97/","2026-07-18"
"#C-pla エミテラス所沢店","#C-pla（シープラ）","埼玉県","埼玉県所沢市東住吉10 エミテラス所沢 3階","35.7851940","139.4707950","ガチャ専門店","","https://toshin.jpn.com/shop/%e3%82%a8%e3%83%9f%e3%83%86%e3%83%a9%e3%82%b9%e6%89%80%e6%b2%a2%e5%ba%97/","2026-07-18"
"#C-pla コープさっぽろ いしかり店","#C-pla（シープラ）","北海道","北海道石狩市花川北3条3丁目9-2 コープさっぽろ いしかり店内","43.1618160","141.3124240","ガチャ専門店","","https://toshin.jpn.com/shop/%e3%82%b3%e3%83%bc%e3%83%97%e3%81%95%e3%81%a3%e3%81%bd%e3%82%8d-%e3%81%84%e3%81%97%e3%81%8b%e3%82%8a%e5%ba%97/","2026-07-18"
"#C-pla アリオ倉敷店","#C-pla（シープラ）","岡山県","岡山県倉敷市寿町12-2 アリオ倉敷 2階","34.6039510","133.7612460","ガチャ専門店","","https://toshin.jpn.com/shop/%e3%82%a2%e3%83%aa%e3%82%aa%e5%80%89%e6%95%b7%e5%ba%97/","2026-07-18"
"#C-pla 姫路駅前みゆき通り店","#C-pla（シープラ）","兵庫県","兵庫県姫路市駅前町 260、261-1 オオバクビル 1階","34.8287730","134.6911010","ガチャ専門店","","https://toshin.jpn.com/shop/%e5%a7%ab%e8%b7%af%e9%a7%85%e5%89%8d%e3%81%bf%e3%82%86%e3%81%8d%e9%80%9a%e3%82%8a%e5%ba%97/","2026-07-18"
"#C-pla ゆめタウン飯塚店","#C-pla（シープラ）","福岡県","福岡県飯塚市菰田西三丁目6番1号 ゆめタウン飯塚 2階","33.6318700","130.6853640","ガチャ専門店","","https://toshin.jpn.com/shop/%e3%82%86%e3%82%81%e3%82%bf%e3%82%a6%e3%83%b3%e9%a3%af%e5%a1%9a%e5%ba%97/","2026-07-18"
"#C-pla マックスバリュ北32条店","#C-pla（シープラ）","北海道","北海道札幌市北区北32条西13丁目1-1 マックスバリュ北32条店内","43.1009640","141.3291170","ガチャ専門店","","https://toshin.jpn.com/shop/%e3%83%9e%e3%83%83%e3%82%af%e3%82%b9%e3%83%90%e3%83%aa%e3%83%a5%e5%8c%9732%e6%9d%a1%e5%ba%97/","2026-07-18"
"#C-pla 天王寺MIO店","#C-pla（シープラ）","大阪府","大阪府大阪市天王寺区悲田院町10-39 天王寺MIO 本館5階","34.6470640","135.5134740","ガチャ専門店","","https://toshin.jpn.com/shop/%e5%a4%a9%e7%8e%8b%e5%af%bamio%e5%ba%97/","2026-07-18"
"#C-pla 狸小路5丁目北店","#C-pla（シープラ）","北海道","北海道札幌市中央区南2条西5丁目14番2","43.0572240","141.3504330","ガチャ専門店","","https://toshin.jpn.com/shop/%e7%8b%b8%e5%b0%8f%e8%b7%af5%e4%b8%81%e7%9b%ae%e5%8c%97%e5%ba%97/","2026-07-18"
"#C-pla 東光ストア プロム山鼻店","#C-pla（シープラ）","北海道","北海道札幌市中央区南22条西12丁目1-2 東光ストア プロム山鼻店内","43.0304450","141.3434140","ガチャ専門店","","https://toshin.jpn.com/shop/%e6%9d%b1%e5%85%89%e3%82%b9%e3%83%88%e3%82%a2%e3%83%97%e3%83%ad%e3%83%a0%e5%b1%b1%e9%bc%bb%e5%ba%97/","2026-07-18"
"#C-pla 2nd ザ・モール仙台長町店","#C-pla（シープラ）","宮城県","宮城県仙台市太白区長町7丁目20番3号 ザ・モール仙台長町 本館3階","38.2258220","140.8768620","ガチャ専門店","","https://toshin.jpn.com/shop/c-pla-2nd%e3%82%b6%e3%83%bb%e3%83%a2%e3%83%bc%e3%83%ab%e4%bb%99%e5%8f%b0%e9%95%b7%e7%94%ba/","2026-07-18"
"#C-pla Gビル名古屋栄01店","#C-pla（シープラ）","愛知県","愛知県名古屋市中区栄三丁目27番24号 Gビル名古屋栄01 地下1階","35.1643260","136.9063570","ガチャ専門店","","https://toshin.jpn.com/shop/g%e3%83%93%e3%83%ab%e5%90%8d%e5%8f%a4%e5%b1%8b%e6%a0%8401%e5%ba%97/","2026-07-18"
"#C-pla 大阪心斎橋筋南店2号館","#C-pla（シープラ）","大阪府","大阪府大阪市中央区心斎橋筋2丁目3番27号 心央ビル 1階","34.6702420","135.5013280","ガチャ専門店","","https://toshin.jpn.com/shop/%e5%a4%a7%e9%98%aa%e5%bf%83%e6%96%8e%e6%a9%8b%e7%ad%8b%e5%8d%97%e5%ba%972%e5%8f%b7%e9%a4%a8/","2026-07-18"
"#C-pla シティもんべつ店","#C-pla（シープラ）","北海道","北海道紋別市渚滑町1丁目2番1 シティもんべつ店内","44.3673900","143.3353880","ガチャ専門店","","https://toshin.jpn.com/shop/%e3%82%b7%e3%83%86%e3%82%a3%e3%82%82%e3%82%93%e3%81%b9%e3%81%a4%e5%ba%97/","2026-07-18"
"#C-pla イオン上磯店","#C-pla（シープラ）","北海道","北海道北斗市七重浜4丁目44-1 イオン上磯 1階","41.8226810","140.7100980","ガチャ専門店","","https://toshin.jpn.com/shop/%e3%82%a4%e3%82%aa%e3%83%b3%e4%b8%8a%e7%a3%af%e5%ba%97/","2026-07-18"
"#C-pla コープ亘理店","#C-pla（シープラ）","宮城県","宮城県亘理郡亘理町逢隈高屋柴北100 みやぎ生協亘理店内","38.0422780","140.8765110","ガチャ専門店","","https://toshin.jpn.com/shop/%e3%82%b3%e3%83%bc%e3%83%97%e4%ba%98%e7%90%86%e5%ba%97/","2026-07-18"
"#C-pla 大阪心斎橋筋南店1号館","#C-pla（シープラ）","大阪府","大阪府大阪市中央区心斎橋2丁目6-3 1-2階","34.6734540","135.5013580","ガチャ専門店","","https://toshin.jpn.com/shop/%e5%a4%a7%e9%98%aa%e5%bf%83%e6%96%8e%e6%a9%8b%e7%ad%8b%e5%8d%97%e5%ba%971%e5%8f%b7%e9%a4%a8/","2026-07-18"
"#C-pla 札幌PARCO店","#C-pla（シープラ）","北海道","北海道札幌市中央区南1条西3丁目3 札幌PARCO 7階","43.0588110","141.3533480","ガチャ専門店","","https://toshin.jpn.com/shop/%e6%9c%ad%e5%b9%8cparco%e5%ba%97/","2026-07-18"
"#C-pla マロニエゲート銀座1店","#C-pla（シープラ）","東京都","東京都中央区銀座2丁目2−14 マロニエゲート銀座1 4階","35.6743660","139.7653050","ガチャ専門店","","https://toshin.jpn.com/shop/%e3%83%9e%e3%83%ad%e3%83%8b%e3%82%a8%e3%82%b2%e3%83%bc%e3%83%88%e9%8a%80%e5%ba%a71%e5%ba%97/","2026-07-18"
"#C-pla 京都四条河原町店","#C-pla（シープラ）","京都府","京都府京都市中京区河原町通三条下る山崎町2丁目258番地 AD-G四条河原町 1階","35.0099980","135.7513890","ガチャ専門店","","https://toshin.jpn.com/shop/%e4%ba%ac%e9%83%bd%e5%9b%9b%e6%9d%a1%e6%b2%b3%e5%8e%9f%e7%94%ba%e5%ba%97/","2026-07-18"
"#C-pla 酒々井プレミアム・アウトレット店","#C-pla（シープラ）","千葉県","千葉県印旛郡酒々井町飯積2丁目4-1 酒々井プレミアム・アウトレット","35.7137990","140.2933810","ガチャ専門店","","https://toshin.jpn.com/shop/%e9%85%92%e3%80%85%e4%ba%95%e3%83%97%e3%83%ac%e3%83%9f%e3%82%a2%e3%83%a0%e3%83%bb%e3%82%a2%e3%82%a6%e3%83%88%e3%83%ac%e3%83%83%e3%83%88%e5%ba%97/","2026-07-18"
"#C-pla 柏駅前店","#C-pla（シープラ）","千葉県","千葉県柏市柏1丁目4-27 恵比屋ビル 1階・2階","35.8613890","139.9722600","ガチャ専門店","","https://toshin.jpn.com/shop/%e6%9f%8f%e9%a7%85%e5%89%8d%e5%ba%97/","2026-07-18"
"#C-pla μPLAT一宮店","#C-pla（シープラ）","愛知県","愛知県一宮市新生1丁目1-5 μPLAT一宮","35.3023760","136.7964630","ガチャ専門店","","https://toshin.jpn.com/shop/%ce%bc%e3%83%97%e3%83%a9%e3%83%83%e3%83%88%e4%b8%80%e5%ae%ae%e5%ba%97/","2026-07-18"
"#C-pla アミュプラザ博多店","#C-pla（シープラ）","福岡県","福岡県福岡市博多区博多駅中央街1-1 アミュプラザ博多 8階","33.5899120","130.4203950","ガチャ専門店","","https://toshin.jpn.com/shop/%e3%82%a2%e3%83%9f%e3%83%a5%e3%83%97%e3%83%a9%e3%82%b6%e5%8d%9a%e5%a4%9a%e5%ba%97/","2026-07-18"
"#C-pla マックスバリュ新道店","#C-pla（シープラ）","北海道","北海道札幌市東区北34条東16丁目1-30 マックスバリュエクスプレス新道 1階","43.1049350","141.3707730","ガチャ専門店","","https://toshin.jpn.com/shop/%e3%83%9e%e3%83%83%e3%82%af%e3%82%b9%e3%83%90%e3%83%aa%e3%83%a5%e6%96%b0%e9%81%93%e5%ba%97/","2026-07-18"
"#C-pla PICTALE 帯広駅店","#C-pla（シープラ）","北海道","北海道帯広市西2条南13丁目3 JR帯広駅 構内営業区画","42.9172670","143.2026370","ガチャ専門店","","https://toshin.jpn.com/shop/%e5%b8%af%e5%ba%83pictale/","2026-07-18"
"#C-pla イオンモール姫路リバーシティー店","#C-pla（シープラ）","兵庫県","兵庫県姫路市飾磨区細江2560 イオンモール姫路リバーシティー 1階・3階","34.7982600","134.6684270","ガチャ専門店","","https://toshin.jpn.com/shop/%e3%82%a4%e3%82%aa%e3%83%b3%e3%83%a2%e3%83%bc%e3%83%ab%e5%a7%ab%e8%b7%af%e3%83%aa%e3%83%90%e3%83%bc%e3%82%b7%e3%83%86%e3%82%a3%e3%83%bc%e5%ba%97/","2026-07-18"
"#C-pla 神戸マルイ店","#C-pla（シープラ）","兵庫県","兵庫県神戸市中央区三宮町1丁目7-2 神戸マルイ 4階","34.6922340","135.1944430","ガチャ専門店","","https://toshin.jpn.com/shop/%e7%a5%9e%e6%88%b8%e3%83%9e%e3%83%ab%e3%82%a4%e5%ba%97/","2026-07-18"
"#C-pla 狸小路4丁目店","#C-pla（シープラ）","北海道","北海道札幌市中央区南2条西4丁目10 清水ビル 1階・2階","43.0574530","141.3520810","ガチャ専門店","","https://toshin.jpn.com/shop/%e7%8b%b8%e5%b0%8f%e8%b7%af4%e4%b8%81%e7%9b%ae%e5%ba%97/","2026-07-18"
"#C-pla ゆめタウン行橋店","#C-pla（シープラ）","福岡県","福岡県行橋市西宮市3丁目8-1 ゆめタウン行橋 2階","33.7210120","130.9678340","ガチャ専門店","","https://toshin.jpn.com/shop/%e3%82%86%e3%82%81%e3%82%bf%e3%82%a6%e3%83%b3%e8%a1%8c%e6%a9%8b%e5%ba%97/","2026-07-18"
"#C-pla 仙台ロフト2号店","#C-pla（シープラ）","宮城県","宮城県仙台市青葉区中央1丁目10-10 仙台ロフト 3階","38.2600020","140.8804930","ガチャ専門店","","https://toshin.jpn.com/shop/%e4%bb%99%e5%8f%b0%e3%83%ad%e3%83%95%e3%83%882%e5%8f%b7%e5%ba%97/","2026-07-18"
"#C-pla 仙台ロフト店","#C-pla（シープラ）","宮城県","宮城県仙台市青葉区中央1丁目10-10 仙台ロフト 8階","38.2600020","140.8804930","ガチャ専門店","","https://toshin.jpn.com/shop/%e4%bb%99%e5%8f%b0%e3%83%ad%e3%83%95%e3%83%88%e5%ba%97/","2026-07-18"
"#C-pla 未来屋江別野幌店","#C-pla（シープラ）","北海道","北海道江別市野幌町10−1 イオンタウン江別 1階 未来屋書店江別野幌店内","43.0953330","141.5251460","ガチャ専門店","","https://toshin.jpn.com/shop/%e6%9c%aa%e6%9d%a5%e5%b1%8b%e6%b1%9f%e5%88%a5%e9%87%8e%e5%b9%8c%e5%ba%97/","2026-07-18"
"#C-pla 天神橋筋四番街店","#C-pla（シープラ）","大阪府","大阪府大阪市北区天神橋4丁目7-23","34.7040060","135.5114140","ガチャ専門店","","https://toshin.jpn.com/shop/%e5%a4%a9%e7%a5%9e%e6%a9%8b%e7%ad%8b%e5%9b%9b%e7%95%aa%e8%a1%97%e5%ba%97/","2026-07-18"
"#C-pla 大阪心斎橋筋北店","#C-pla（シープラ）","大阪府","大阪府大阪市中央区南船場3丁目10−11 リンクス心斎橋 1階","34.6767880","135.5010530","ガチャ専門店","","https://toshin.jpn.com/shop/%e5%a4%a7%e9%98%aa%e5%bf%83%e6%96%8e%e6%a9%8b%e7%ad%8b%e5%8c%97%e5%ba%97/","2026-07-18"
"#C-pla ゆめタウン博多2号店","#C-pla（シープラ）","福岡県","福岡県福岡市東区東浜1丁目1-1 ゆめタウン博多 1階","33.6115300","130.4120640","ガチャ専門店","","https://toshin.jpn.com/shop/%e3%82%86%e3%82%81%e3%82%bf%e3%82%a6%e3%83%b3%e5%8d%9a%e5%a4%9a2%e5%8f%b7%e5%ba%97/","2026-07-18"
"#C-pla ゆめタウン博多1号店","#C-pla（シープラ）","福岡県","福岡県福岡市東区東浜1丁目1-1 ゆめタウン博多 2階","33.6115300","130.4120640","ガチャ専門店","","https://toshin.jpn.com/shop/%e3%82%86%e3%82%81%e3%82%bf%e3%82%a6%e3%83%b3%e5%8d%9a%e5%a4%9a%e5%ba%97/","2026-07-18"
"#C-pla アクロスモール八王子みなみ野店","#C-pla（シープラ）","東京都","東京都八王子市みなみ野1丁目2-1 アクロスモール八王子みなみ野 1階","35.6301500","139.3297120","ガチャ専門店","","https://toshin.jpn.com/shop/%e3%82%a2%e3%82%af%e3%83%ad%e3%82%b9%e3%83%a2%e3%83%bc%e3%83%ab%e5%85%ab%e7%8e%8b%e5%ad%90%e3%81%bf%e3%81%aa%e3%81%bf%e9%87%8e%e5%ba%97/","2026-07-18"
"#C-pla イオン登別店","#C-pla（シープラ）","北海道","北海道登別市若山町4丁目33-1 イオン登別店内","42.3815990","141.0687100","ガチャ専門店","","https://toshin.jpn.com/shop/%e3%82%a4%e3%82%aa%e3%83%b3%e7%99%bb%e5%88%a5%e5%ba%97/","2026-07-18"
"#C-pla 名古屋大須店","#C-pla（シープラ）","愛知県","愛知県名古屋市中区大須3丁目26-26 クレスト大須3A","35.1590650","136.9034420","ガチャ専門店","","https://toshin.jpn.com/shop/%e5%90%8d%e5%8f%a4%e5%b1%8b%e5%a4%a7%e9%a0%88%e5%ba%97/","2026-07-18"
"#C-pla 名古屋PARCO店","#C-pla（シープラ）","愛知県","愛知県名古屋市中区栄3丁目29-1 名古屋PARCO 東館4階","35.1642000","136.9073030","ガチャ専門店","","https://toshin.jpn.com/shop/%e5%90%8d%e5%8f%a4%e5%b1%8b%e3%83%91%e3%83%ab%e3%82%b3%e5%ba%97/","2026-07-18"
"#C-pla コープ明石台店","#C-pla（シープラ）","宮城県","宮城県富谷市明石台6丁目1-39 コープ明石台店 1階","38.3495480","140.8956910","ガチャ専門店","","https://toshin.jpn.com/shop/%e3%82%b3%e3%83%bc%e3%83%97%e6%98%8e%e7%9f%b3%e5%8f%b0%e5%ba%97/","2026-07-18"
"#C-pla マックスバリュ富川店","#C-pla（シープラ）","北海道","北海道沙流郡日高町富川南2丁目2-5 マックスバリュ富川店内","42.5205190","142.0260160","ガチャ専門店","","https://toshin.jpn.com/shop/%e3%83%9e%e3%83%83%e3%82%af%e3%82%b9%e3%83%90%e3%83%aa%e3%83%a5%e5%af%8c%e5%b7%9d%e5%ba%97/","2026-07-18"
"#C-pla 天神西通り店","#C-pla（シープラ）","福岡県","福岡県福岡市中央区大名1丁目12 福岡天神TENビル 1階・2階","33.5879970","130.3951870","ガチャ専門店","","https://toshin.jpn.com/shop/%e5%a4%a9%e7%a5%9e%e8%a5%bf%e9%80%9a%e3%82%8a%e5%ba%97/","2026-07-18"
"#C-pla 東光ストア北栄店","#C-pla（シープラ）","北海道","北海道札幌市東区北27条東1丁目3-1 東光ストア北栄店内","43.0947340","141.3490300","ガチャ専門店","","https://toshin.jpn.com/shop/%e6%9d%b1%e5%85%89%e3%82%b9%e3%83%88%e3%82%a2%e5%8c%97%e6%a0%84%e5%ba%97/","2026-07-18"
"#C-pla 三宮駅前店","#C-pla（シープラ）","兵庫県","兵庫県神戸市中央区三宮町1丁目7-18","34.6928330","135.1939700","ガチャ専門店","","https://toshin.jpn.com/shop/%e4%b8%89%e5%ae%ae%e9%a7%85%e5%89%8d%e5%ba%97/","2026-07-18"
"#C-pla 2nd 港南台バーズ店","#C-pla（シープラ）","神奈川県","神奈川県横浜市港南区港南台3丁目1-3 港南台バーズ 2階","35.3750420","139.5773010","ガチャ専門店","","https://toshin.jpn.com/shop/c-pla-2nd%e6%b8%af%e5%8d%97%e5%8f%b0%e3%83%90%e3%83%bc%e3%82%ba/","2026-07-18"
"#C-pla コクミン狸小路3丁目店","#C-pla（シープラ）","北海道","北海道札幌市中央区南3条西3丁目14 コクミンドラッグ狸小路店 2階","43.0570870","141.3537900","ガチャ専門店","","https://toshin.jpn.com/shop/%e3%82%b3%e3%82%af%e3%83%9f%e3%83%b3%e7%8b%b8%e5%b0%8f%e8%b7%af3%e4%b8%81%e7%9b%ae%e5%ba%97/","2026-07-18"
"#C-pla マックスバリュ登別店","#C-pla（シープラ）","北海道","北海道登別市富岸町1丁目1-1 マックスバリュ登別店内","42.3864400","141.0719760","ガチャ専門店","","https://toshin.jpn.com/shop/%e3%83%9e%e3%83%83%e3%82%af%e3%82%b9%e3%83%90%e3%83%aa%e3%83%a5%e7%99%bb%e5%88%a5%e5%ba%97/","2026-07-18"
"#C-pla 広島PARCO店","#C-pla（シープラ）","広島県","広島県広島市中区本通10-1 広島PARCO 本館8階","34.3922840","132.4618380","ガチャ専門店","","https://toshin.jpn.com/shop/%e5%ba%83%e5%b3%b6parco%e5%ba%97/","2026-07-18"
"#C-pla イオンモール天童店","#C-pla（シープラ）","山形県","山形県天童市芳賀タウン北４丁目１−１ イオンモール天童 2階","38.3453030","140.3649750","ガチャ専門店","","https://toshin.jpn.com/shop/%e3%82%a4%e3%82%aa%e3%83%b3%e3%83%a2%e3%83%bc%e3%83%ab%e5%a4%a9%e7%ab%a5%e5%ba%97/","2026-07-18"
"#C-pla HAB@熊本店","#C-pla（シープラ）","熊本県","熊本県熊本市中央区手取本町5-1 HAB＠熊本 B1階","32.8029790","130.7100220","ガチャ専門店","","https://toshin.jpn.com/shop/hab%e7%86%8a%e6%9c%ac%e5%ba%97/","2026-07-18"
"#C-pla ekimoなんば店","#C-pla（シープラ）","大阪府","大阪府大阪市中央区難波1丁目9-7 なんば駅 ekimoなんば内","34.6673360","135.5007170","ガチャ専門店","","https://toshin.jpn.com/shop/ekimo%e3%81%aa%e3%82%93%e3%81%b0%e5%ba%97/","2026-07-18"
"#C-pla イオンモール豊川店","#C-pla（シープラ）","愛知県","愛知県豊川市白鳥町兎足1-16 イオンモール豊川 2階","34.8255000","137.3540950","ガチャ専門店","","https://toshin.jpn.com/shop/%e3%82%a4%e3%82%aa%e3%83%b3%e3%83%a2%e3%83%bc%e3%83%ab%e8%b1%8a%e5%b7%9d%e5%ba%97/","2026-07-18"
"アリオ上尾店&ガシャポンSHOP produced by #C-pla","#C-pla（シープラ）","埼玉県","埼玉県上尾市壱丁目北29番地14 アリオ上尾 2階","35.9595640","139.5694890","ガチャ専門店","","https://toshin.jpn.com/shop/%e3%82%a2%e3%83%aa%e3%82%aa%e4%b8%8a%e5%b0%be%e5%ba%97/","2026-07-18"
"#C-pla 湘南モールフィル店","#C-pla（シープラ）","神奈川県","神奈川県藤沢市辻堂新町4丁目1-1 湘南モールフィル 2階","35.3379210","139.4631200","ガチャ専門店","","https://toshin.jpn.com/shop/%e6%b9%98%e5%8d%97%e3%83%a2%e3%83%bc%e3%83%ab%e3%83%95%e3%82%a3%e3%83%ab%e5%ba%97-2/","2026-07-18"
"#C-pla COTOE流山おおたかの森店","#C-pla（シープラ）","千葉県","千葉県流山市おおたかの森西1丁目15-3 COTOE流山おおたかの森 2階","35.8728560","139.9216610","ガチャ専門店","","https://toshin.jpn.com/shop/cotoe%e6%b5%81%e5%b1%b1%e3%81%8a%e3%81%8a%e3%81%9f%e3%81%8b%e3%81%ae%e6%a3%ae%e5%ba%97/","2026-07-18"
"#C-pla 渋谷センター街店","#C-pla（シープラ）","東京都","東京都渋谷区宇田川町21-8 渋谷平和ビル 地下1階・1階・2階","35.6600000","139.6999970","ガチャ専門店","","https://toshin.jpn.com/shop/%e6%b8%8b%e8%b0%b7%e3%82%bb%e3%83%b3%e3%82%bf%e3%83%bc%e8%a1%97%e5%ba%97/","2026-07-18"
"#C-pla 京都寺町京極店","#C-pla（シープラ）","京都府","京都府京都市中京区新京極通蛸薬師下る東側町533番地 パピヨン 1階・2階","35.0099980","135.7513890","ガチャ専門店","","https://toshin.jpn.com/shop/%e4%ba%ac%e9%83%bd%e5%af%ba%e7%94%ba%e4%ba%ac%e6%a5%b5%e5%ba%97/","2026-07-18"
"#C-pla マックスバリュ沼ノ端店","#C-pla（シープラ）","北海道","北海道苫小牧市北栄町３丁目１−８ マックスバリュ沼ノ端店","42.6778720","141.6904910","ガチャ専門店","","https://toshin.jpn.com/shop/%e3%83%9e%e3%83%83%e3%82%af%e3%82%b9%e3%83%90%e3%83%aa%e3%83%a5%e6%b2%bc%e3%83%8e%e7%ab%af%e5%ba%97/","2026-07-18"
"#C-pla ラッキー星置店","#C-pla（シープラ）","北海道","北海道札幌市手稲区星置１条２丁目１−１ ラッキー星置店内","43.1326220","141.2109530","ガチャ専門店","","https://toshin.jpn.com/shop/%e3%83%a9%e3%83%83%e3%82%ad%e3%83%bc%e6%98%9f%e7%bd%ae%e5%ba%97/","2026-07-18"
"#C-pla アトレマルヒロ店","#C-pla（シープラ）","埼玉県","埼玉県川越市脇田町105 アトレマルヒロ 5階","35.9083820","139.4830470","ガチャ専門店","","https://toshin.jpn.com/shop/%e3%82%a2%e3%83%88%e3%83%ac%e3%83%9e%e3%83%ab%e3%83%92%e3%83%ad%e5%ba%97/","2026-07-18"
"#C-pla 静岡PARCO店","#C-pla（シープラ）","静岡県","静岡県静岡市葵区紺屋町6-7 静岡PARCO 4階","34.9728660","138.3856960","ガチャ専門店","","https://toshin.jpn.com/shop/%e9%9d%99%e5%b2%a1parco%e5%ba%97/","2026-07-18"
"#C-pla 浜松メイワン店","#C-pla（シープラ）","静岡県","静岡県浜松市中区砂山町6-1 浜松駅ビル メイワン本館3階","34.7108080","137.7263030","ガチャ専門店","","https://toshin.jpn.com/shop/%e6%b5%9c%e6%9d%be%e3%83%a1%e3%82%a4%e3%83%af%e3%83%b3%e5%ba%97/","2026-07-18"
"#C-pla 大阪心斎橋筋店","#C-pla（シープラ）","大阪府","大阪府大阪市中央区心斎橋筋2丁目7-3 クロワシビル 1階・2階・3階","34.6708300","135.5012660","ガチャ専門店","","https://toshin.jpn.com/shop/%e5%a4%a7%e9%98%aa%e5%bf%83%e6%96%8e%e6%a9%8b%e7%ad%8b%e5%ba%97-3/","2026-07-18"
"#C-pla マックスバリュ滝川店","#C-pla（シープラ）","北海道","北海道滝川市南滝の川115−4 マックスバリュ滝川店内","43.5710870","141.9306790","ガチャ専門店","","https://toshin.jpn.com/shop/%e3%83%9e%e3%83%83%e3%82%af%e3%82%b9%e3%83%90%e3%83%aa%e3%83%a5%e6%bb%9d%e5%b7%9d%e5%ba%97/","2026-07-18"
"#C-pla SHIBUYA109渋谷店","#C-pla（シープラ）","東京都","東京都渋谷区道玄坂2丁目29-1 SHIBUYA109渋谷 8階","35.6594660","139.6988980","ガチャ専門店","","https://toshin.jpn.com/shop/shibuya109%e6%b8%8b%e8%b0%b7%e5%ba%97/","2026-07-18"
"#C-pla 錦糸町PARCO店","#C-pla（シープラ）","東京都","東京都墨田区江東橋4丁目27-14 錦糸町PARCO 5階","35.6960640","139.8152310","ガチャ専門店","","https://toshin.jpn.com/shop/%e9%8c%a6%e7%b3%b8%e7%94%ba%e3%83%91%e3%83%ab%e3%82%b3%e5%ba%97/","2026-07-18"
"#C-pla 町田ジョルナ店","#C-pla（シープラ）","東京都","東京都町田市原町田6丁目6-14 町田ジョルナ 2階","35.5421520","139.4475710","ガチャ専門店","","https://toshin.jpn.com/shop/%e7%94%ba%e7%94%b0%e3%82%b8%e3%83%a7%e3%83%ab%e3%83%8a%e5%ba%97/","2026-07-18"
"#C-pla 西條稚内店","#C-pla（シープラ）","北海道","北海道稚内市大黒4丁目7-1 西條稚内 2階","45.3975600","141.6923370","ガチャ専門店","","https://toshin.jpn.com/shop/%e8%a5%bf%e6%a2%9d%e7%a8%9a%e5%86%85%e5%ba%97/","2026-07-18"
"#C-pla ゆめタウン光の森店","#C-pla（シープラ）","熊本県","熊本県菊池郡菊陽町光の森7丁目33-1 ゆめタウン光の森 別棟2階","32.8602330","130.7845760","ガチャ専門店","","https://toshin.jpn.com/shop/%e3%82%86%e3%82%81%e3%82%bf%e3%82%a6%e3%83%b3%e5%85%89%e3%81%ae%e6%a3%ae%e5%ba%97/","2026-07-18"
"#C-pla マックスバリュ栗山店","#C-pla（シープラ）","北海道","北海道夕張郡栗山町朝日4丁目31-1 マックスバリュ栗山店内","43.0551220","141.7960360","ガチャ専門店","","https://toshin.jpn.com/shop/%e3%83%9e%e3%83%83%e3%82%af%e3%82%b9%e3%83%90%e3%83%aa%e3%83%a5%e6%a0%97%e5%b1%b1%e5%ba%97/","2026-07-18"
"#C-pla 東急プラザ蒲田店","#C-pla（シープラ）","東京都","東京都大田区西蒲田7丁目69-1 東急プラザ蒲田 7階","35.5617370","139.7147520","ガチャ専門店","","https://toshin.jpn.com/shop/%e6%9d%b1%e6%80%a5%e3%83%97%e3%83%a9%e3%82%b6%e8%92%b2%e7%94%b0%e5%ba%97/","2026-07-18"
"#C-pla イオンモール大和店","#C-pla（シープラ）","神奈川県","神奈川県大和市下鶴間1丁目2-1 イオンモール大和 3階","35.4888420","139.4576260","ガチャ専門店","","https://toshin.jpn.com/shop/%e3%82%a4%e3%82%aa%e3%83%b3%e3%83%a2%e3%83%bc%e3%83%ab%e5%a4%a7%e5%92%8c%e5%ba%97/","2026-07-18"
"#C-pla トナリエつくばスクエア店","#C-pla（シープラ）","茨城県","茨城県つくば市吾妻1丁目7-1 トナリエつくばスクエア トナリエクレオ2階","36.0804750","140.1119840","ガチャ専門店","","https://toshin.jpn.com/shop/%e3%83%88%e3%83%8a%e3%83%aa%e3%82%a8%e3%81%a4%e3%81%8f%e3%81%b0%e3%82%b9%e3%82%af%e3%82%a8%e3%82%a2%e5%ba%97/","2026-07-18"
"#C-pla 豊橋カルミア店","#C-pla（シープラ）","愛知県","愛知県豊橋市花田町西宿無番地 豊橋ステーションビル カルミア4階","34.7634540","137.3815000","ガチャ専門店","","https://toshin.jpn.com/shop/%e8%b1%8a%e6%a9%8b%e3%82%ab%e3%83%ab%e3%83%9f%e3%82%a2%e5%ba%97/","2026-07-18"
"#C-pla みのおキューズモール店","#C-pla（シープラ）","大阪府","大阪府箕面市西宿1丁目15-30 みのおキューズモール EAST1-1階","34.8326840","135.4899440","ガチャ専門店","","https://toshin.jpn.com/shop/%e3%81%bf%e3%81%ae%e3%81%8a%e3%82%ad%e3%83%a5%e3%83%bc%e3%82%ba%e3%83%a2%e3%83%bc%e3%83%ab%e5%ba%97/","2026-07-18"
"#C-pla プラーレ松戸店","#C-pla（シープラ）","千葉県","千葉県松戸市松戸1149-1 プラーレ松戸 5階","35.7828940","139.9024960","ガチャ専門店","","https://toshin.jpn.com/shop/%e3%83%97%e3%83%a9%e2%80%95%e3%83%ac%e6%9d%be%e6%88%b8%e5%ba%97/","2026-07-18"
"#C-pla ヴィータモールせいせき店","#C-pla（シープラ）","東京都","東京都多摩市関戸4丁目72 ヴィータモールせいせき 1階・5階","35.6496320","139.4470520","ガチャ専門店","","https://toshin.jpn.com/shop/%e8%81%96%e8%b9%9f%e6%a1%9c%e3%83%b6%e4%b8%98opa%e5%ba%97/","2026-07-18"
"#C-pla 阪急三番街店","#C-pla（シープラ）","大阪府","大阪府大阪市北区芝田1丁目1-3 阪急三番街 北館1階","34.7041400","135.4990080","ガチャ専門店","","https://toshin.jpn.com/shop/%e9%98%aa%e6%80%a5%e4%b8%89%e7%95%aa%e8%a1%97%e5%ba%97/","2026-07-18"
"#C-pla 静岡パルシェ店","#C-pla（シープラ）","静岡県","静岡県静岡市葵区黒金町49番地 パルシェ本館 5階","34.9717940","138.3889010","ガチャ専門店","","https://toshin.jpn.com/shop/%e9%9d%99%e5%b2%a1%e3%83%91%e3%83%ab%e3%82%b7%e3%82%a7%e5%ba%97/","2026-07-18"
"川崎ルフロン店&ガシャポンSHOP produced by #C-pla","#C-pla（シープラ）","神奈川県","神奈川県川崎市川崎区日進町1-11 川崎ルフロン 5階","35.5280650","139.6950990","ガチャ専門店","","https://toshin.jpn.com/shop/%e5%b7%9d%e5%b4%8e%e3%83%ab%e3%83%95%e3%83%ad%e3%83%b3%e5%ba%97/","2026-07-18"
"#C-pla イオンモール大高店","#C-pla（シープラ）","愛知県","愛知県名古屋市緑区南大高2丁目450番地 イオンモール大高店 3階","35.0535160","136.9471890","ガチャ専門店","","https://toshin.jpn.com/shop/%e3%82%a4%e3%82%aa%e3%83%b3%e3%83%a2%e3%83%bc%e3%83%ab%e5%a4%a7%e9%ab%98%e5%ba%97/","2026-07-18"
"#C-pla 原宿竹下通り店","#C-pla（シープラ）","東京都","東京都渋谷区神宮前1丁目16番3号","35.6713600","139.7042240","ガチャ専門店","","https://toshin.jpn.com/shop/%ef%bc%83c-pla%ef%bc%8b%e5%8e%9f%e5%ae%bf%e7%ab%b9%e4%b8%8b%e9%80%9a%e3%82%8a%e5%ba%97/","2026-07-18"
"#C-pla マックスバリュ留萌店","#C-pla（シープラ）","北海道","北海道留萌市南町4丁目73ｰ1 マックスバリュ留萌店内","43.9233970","141.6712650","ガチャ専門店","","https://toshin.jpn.com/shop/%e3%83%9e%e3%83%83%e3%82%af%e3%82%b9%e3%83%90%e3%83%aa%e3%83%a5%e7%95%99%e8%90%8c%e5%ba%97/","2026-07-18"
"#C-pla デックス東京ビーチ店","#C-pla（シープラ）","東京都","東京都港区台場1丁目6-1 デックス東京ビーチシーサイドモール 3階","35.6290630","139.7758940","ガチャ専門店","","https://toshin.jpn.com/shop/%e3%83%87%e3%83%83%e3%82%af%e3%82%b9%e6%9d%b1%e4%ba%ac%e3%83%93%e3%83%bc%e3%83%81%e5%ba%97/","2026-07-18"
"#C-pla イオン釧路店","#C-pla（シープラ）","北海道","北海道釧路郡釧路町桂木1丁目1番地7 イオン釧路 1階","43.0091020","144.4048160","ガチャ専門店","","https://toshin.jpn.com/shop/%e3%82%a4%e3%82%aa%e3%83%b3%e9%87%a7%e8%b7%af%e5%ba%97/","2026-07-18"
"#C-pla ティアラ21店","#C-pla（シープラ）","埼玉県","埼玉県熊谷市筑波3丁目202 ティアラ21 2階","36.1394120","139.3920440","ガチャ専門店","","https://toshin.jpn.com/shop/%e3%83%86%e3%82%a3%e3%82%a2%e3%83%a9%ef%bc%92%ef%bc%91%e5%ba%97/","2026-07-18"
"#C-pla マックスバリュ北広島店","#C-pla（シープラ）","北海道","北海道北広島市美沢4丁目1-2 マックスバリュ北広島店内","42.9818270","141.5542140","ガチャ専門店","","https://toshin.jpn.com/shop/%e3%83%9e%e3%83%83%e3%82%af%e3%82%b9%e3%83%90%e3%83%aa%e3%83%a5%e5%8c%97%e5%ba%83%e5%b3%b6%e5%ba%97/","2026-07-18"
"#C-pla マックスバリュ手宮店","#C-pla（シープラ）","北海道","北海道小樽市手宮1丁目2-1 マックスバリュ手宮店内","43.2096860","140.9997100","ガチャ専門店","","https://toshin.jpn.com/shop/%e3%83%9e%e3%83%83%e3%82%af%e3%82%b9%e3%83%90%e3%83%aa%e3%83%a5%e6%89%8b%e5%ae%ae%e5%ba%97/","2026-07-18"
"#C-pla ペリエ千葉店","#C-pla（シープラ）","千葉県","千葉県千葉市中央区新千葉1-1-1 ペリエ千葉 ストリート2","35.6129530","140.1141360","ガチャ専門店","","https://toshin.jpn.com/shop/%e3%83%9a%e3%83%aa%e3%82%a8%e5%8d%83%e8%91%89%e5%ba%97/","2026-07-18"
"#C-pla 港南台バーズ店","#C-pla（シープラ）","神奈川県","神奈川県横浜市港南区港南台3丁目1-3 港南台バーズ 3階","35.3750420","139.5773010","ガチャ専門店","","https://toshin.jpn.com/shop/%e6%b8%af%e5%8d%97%e5%8f%b0%e3%83%90%e3%83%bc%e3%82%ba%e5%ba%97/","2026-07-18"
"#C-pla アモール旭川店","#C-pla（シープラ）","北海道","北海道旭川市豊岡3条2丁目2-19 アモールショッピングセンター 1階","43.7604520","142.3932500","ガチャ専門店","","https://toshin.jpn.com/shop/%e3%82%a2%e3%83%a2%e3%83%bc%e3%83%ab%e6%97%ad%e5%b7%9d%e5%ba%97/","2026-07-18"
"#C-pla パンジョ大阪店","#C-pla（シープラ）","大阪府","大阪府堺市南区茶山台1丁目3-1 パンジョ 3階","34.4953350","135.5137630","ガチャ専門店","","https://toshin.jpn.com/shop/%e3%83%91%e3%83%b3%e3%82%b8%e3%83%a7%e5%a4%a7%e9%98%aa%e5%ba%97/","2026-07-18"
"#C-pla コピス吉祥寺店","#C-pla（シープラ）","東京都","東京都武蔵野市吉祥寺本町1丁目11-5 コピス吉祥寺 A館5階","35.7050130","139.5793300","ガチャ専門店","","https://toshin.jpn.com/shop/%e3%82%b3%e3%83%94%e3%82%b9%e5%90%89%e7%a5%a5%e5%af%ba%e5%ba%97/","2026-07-18"
"#C-pla LUCUA大阪店","#C-pla（シープラ）","大阪府","大阪府大阪市北区梅田3丁目1-3 LUCUAosaka 5階","34.7018810","135.4963380","ガチャ専門店","","https://toshin.jpn.com/shop/lucua%e5%a4%a7%e9%98%aa%e5%ba%97/","2026-07-18"
"#C-pla 八戸ラピア店","#C-pla（シープラ）","青森県","青森県八戸市江陽2丁目14-1 ショッピングセンターラピア 2階","40.5208360","141.5031590","ガチャ専門店","","https://toshin.jpn.com/shop/%e5%85%ab%e6%88%b8%e3%83%a9%e3%83%94%e3%82%a2%e5%ba%97/","2026-07-18"
"#C-pla アクロスモール新鎌ヶ谷店","#C-pla（シープラ）","千葉県","千葉県鎌ケ谷市新鎌ケ谷2丁目12-1 アクロスモール新鎌ヶ谷 2階","35.7801360","140.0014190","ガチャ専門店","","https://toshin.jpn.com/shop/%e3%82%a2%e3%82%af%e3%83%ad%e3%82%b9%e3%83%a2%e3%83%bc%e3%83%ab%e6%96%b0%e9%8e%8c%e3%83%b6%e8%b0%b7%e5%ba%97/","2026-07-18"
"#C-pla イオン北見店","#C-pla（シープラ）","北海道","北海道北見市北進町1丁目1-1 イオン北見店 3階","43.8092350","143.8763890","ガチャ専門店","","https://toshin.jpn.com/shop/%e3%82%a4%e3%82%aa%e3%83%b3%e5%8c%97%e8%a6%8b%e5%ba%97/","2026-07-18"
"#C-pla 仙台中央通り店","#C-pla（シープラ）","宮城県","宮城県仙台市青葉区中央2-6-2 イワマ靴店中央通ビル 1階・2階","38.2617490","140.8784180","ガチャ専門店","","https://toshin.jpn.com/shop/%e4%bb%99%e5%8f%b0%e4%b8%ad%e5%a4%ae%e9%80%9a%e3%82%8a%e5%ba%97/","2026-07-18"
"#C-pla マックスバリュ恵庭店","#C-pla（シープラ）","北海道","北海道恵庭市恵央町11-1 マックスバリュ恵庭店内","42.8930020","141.5695040","ガチャ専門店","","https://toshin.jpn.com/shop/%e3%83%9e%e3%83%83%e3%82%af%e3%82%b9%e3%83%90%e3%83%aa%e3%83%a5%e6%81%b5%e5%ba%ad%e5%ba%97/","2026-07-18"
"#C-pla イクスピアリ店","#C-pla（シープラ）","千葉県","千葉県浦安市舞浜1-4 イクスピアリ 2階 B’ウェイ","35.6312640","139.8743290","ガチャ専門店","","https://toshin.jpn.com/shop/%e3%82%a4%e3%82%af%e3%82%b9%e3%83%94%e3%82%a2%e3%83%aa%e5%ba%97-2/","2026-07-18"
"#C-pla メガセンタートライアル旭川店","#C-pla（シープラ）","北海道","北海道旭川市6条通14丁目64 メガセンタートライアル旭川 2階","43.7684820","142.3722080","ガチャ専門店","","https://toshin.jpn.com/shop/%e3%83%a1%e3%82%ac%e3%82%bb%e3%83%b3%e3%82%bf%e3%83%bc%e3%83%88%e3%83%a9%e3%82%a4%e3%82%a2%e3%83%ab%e6%97%ad%e5%b7%9d%e5%ba%97/","2026-07-18"
"#C-pla サンピアザ新さっぽろ店","#C-pla（シープラ）","北海道","北海道札幌市厚別区厚別中央2条5丁目7 サンピアザ B2階","43.0376210","141.4722440","ガチャ専門店","","https://toshin.jpn.com/shop/%e3%82%ab%e3%83%86%e3%83%97%e3%83%aa%e5%ba%97/","2026-07-18"
"#C-pla ザ・ビッグ岩見沢店","#C-pla（シープラ）","北海道","北海道岩見沢市2条東12丁目3-1 ザ・ビッグ岩見沢店内","43.2115940","141.7774200","ガチャ専門店","","https://toshin.jpn.com/shop/%e3%82%b6%e3%83%bb%e3%83%93%e3%83%83%e3%82%b0%e5%b2%a9%e8%a6%8b%e6%b2%a2%e5%ba%97/","2026-07-18"
"#C-pla ザ・ビッグ イーストモール店","#C-pla（シープラ）","北海道","北海道帯広市東4条南16丁目6番地 ザ・ビッグ イーストモール店内","42.9145240","143.2134400","ガチャ専門店","","https://toshin.jpn.com/shop/%e3%83%9e%e3%83%83%e3%82%af%e3%82%b9%e3%83%90%e3%83%aa%e3%83%a5%e3%82%a4%e3%83%bc%e3%82%b9%e3%83%88%e3%83%a2%e3%83%bc%e3%83%ab%e5%ba%97/","2026-07-18"
"#C-pla グランデュオ蒲田店","#C-pla（シープラ）","東京都","東京都大田区蒲田5-13-1 グランデュオ蒲田 東館4階","35.5629500","139.7165530","ガチャ専門店","","https://toshin.jpn.com/shop/%e3%82%b0%e3%83%a9%e3%83%b3%e3%83%87%e3%83%a5%e3%82%aa%e8%92%b2%e7%94%b0%e5%ba%97/","2026-07-18"
"#C-pla イオン名寄店","#C-pla（シープラ）","北海道","北海道名寄市徳田80-1 イオン名寄 2階","44.3384590","142.4526060","ガチャ専門店","","https://toshin.jpn.com/shop/%e3%82%a4%e3%82%aa%e3%83%b3%e5%90%8d%e5%af%84%e5%ba%97/","2026-07-18"
"#C-pla モレラ岐阜店","#C-pla（シープラ）","岐阜県","岐阜県本巣市三橋1100 モレラ岐阜 2階 オレンジプラザ","35.4542810","136.6753230","ガチャ専門店","","https://toshin.jpn.com/shop/%e3%83%a2%e3%83%ac%e3%83%a9%e5%b2%90%e9%98%9c%e5%ba%97/","2026-07-18"
"#C-pla イオンモール下田店","#C-pla（シープラ）","青森県","青森県上北郡おいらせ町中野平40-1 イオンモール下田店 1階","40.6022570","141.4177700","ガチャ専門店","","https://toshin.jpn.com/shop/%e3%82%a4%e3%82%aa%e3%83%b3%e3%83%a2%e3%83%bc%e3%83%ab%e4%b8%8b%e7%94%b0%e5%ba%97/","2026-07-18"
"#C-pla イオンモール川口店","#C-pla（シープラ）","埼玉県","埼玉県川口市安行領根岸3180 イオンモール川口 3階","35.8396150","139.7235260","ガチャ専門店","","https://toshin.jpn.com/shop/%e3%82%a4%e3%82%aa%e3%83%b3%e3%83%a2%e3%83%bc%e3%83%ab%e5%b7%9d%e5%8f%a3%e5%ba%97/","2026-07-18"
"#C-pla イーアスつくば店","#C-pla（シープラ）","茨城県","茨城県つくば市研究学園5丁目19 イーアスつくば 3階","36.0885850","140.0845790","ガチャ専門店","","https://toshin.jpn.com/shop/%e3%82%a4%e3%83%bc%e3%82%a2%e3%82%b9%e3%81%a4%e3%81%8f%e3%81%b0%e5%ba%97/","2026-07-18"
"#C-pla イオンモール札幌苗穂店","#C-pla（シープラ）","北海道","北海道札幌市東区東苗穂2条3丁目1-1 イオンモール札幌苗穂 2階","43.0796850","141.4038850","ガチャ専門店","","https://toshin.jpn.com/shop/%e3%82%a4%e3%82%aa%e3%83%b3%e3%83%a2%e3%83%bc%e3%83%ab%e6%9c%ad%e5%b9%8c%e6%9d%b1%e8%8b%97%e7%a9%82%e5%ba%97/","2026-07-18"
"#C-pla イーアス高尾店","#C-pla（シープラ）","東京都","東京都八王子市東浅川町550-1 イーアス高尾 2階","35.6435430","139.2891850","ガチャ専門店","","https://toshin.jpn.com/shop/%e3%83%8e%e3%82%af%e3%83%86%e3%82%a3%e3%83%97%e3%83%a9%e3%82%b6%e5%ba%97-2/","2026-07-18"
"#C-pla ノクティプラザ店","#C-pla（シープラ）","神奈川県","神奈川県川崎市高津区溝口1-3-1 ノクティプラザ1 5階","35.5989840","139.6120610","ガチャ専門店","","https://toshin.jpn.com/shop/%e3%83%8e%e3%82%af%e3%83%86%e3%82%a3%e3%83%97%e3%83%a9%e3%82%b6%e5%ba%97/","2026-07-18"
"#C-pla あべのキューズモール店","#C-pla（シープラ）","大阪府","大阪府大阪市阿倍野区阿倍野筋1丁目6-1 あべのキューズモール 3階","34.6460530","135.5127720","ガチャ専門店","","https://toshin.jpn.com/shop/%e3%81%82%e3%81%b9%e3%81%ae%e3%82%ad%e3%83%a5%e3%83%bc%e3%82%ba%e3%83%a2%e3%83%bc%e3%83%ab%e5%ba%97/","2026-07-18"
"#C-pla あまがさきキューズモール店","#C-pla（シープラ）","兵庫県","兵庫県尼崎市潮江1丁目3番1号 あまがさきキューズモール 3階","34.7331120","135.4317630","ガチャ専門店","","https://toshin.jpn.com/shop/%e3%81%82%e3%81%be%e3%81%8c%e3%81%95%e3%81%8d%e3%82%ad%e3%83%a5%e3%83%bc%e3%82%ba%e3%83%a2%e3%83%bc%e3%83%ab%e5%ba%97/","2026-07-18"
"#C-pla イオンモール大曲店","#C-pla（シープラ）","秋田県","秋田県大仙市和合坪立177 イオンモール大曲 2階","39.4381680","140.5092770","ガチャ専門店","","https://toshin.jpn.com/shop/%e3%82%a4%e3%82%aa%e3%83%b3%e3%83%a2%e3%83%bc%e3%83%ab%e5%a4%a7%e6%9b%b2%e5%ba%97/","2026-07-18"
"#C-pla ダイナシティイースト店","#C-pla（シープラ）","神奈川県","神奈川県小田原市中里296-1 ダイナシティイースト 3階","35.2817230","139.1885530","ガチャ専門店","","https://toshin.jpn.com/shop/%e3%83%80%e3%82%a4%e3%83%8a%e3%82%b7%e3%83%86%e3%82%a3%e3%82%a4%e3%83%bc%e3%82%b9%e3%83%88%e5%ba%97/","2026-07-18"
"#C-pla トレッサ横浜店","#C-pla（シープラ）","神奈川県","神奈川県横浜市港北区師岡町700 トレッサ横浜 北棟3階","35.5241970","139.6454620","ガチャ専門店","","https://toshin.jpn.com/shop/%e3%83%88%e3%83%ac%e3%83%83%e3%82%b5%e6%a8%aa%e6%b5%9c%e5%ba%97/","2026-07-18"
"#C-pla ダイナシティウエスト店","#C-pla（シープラ）","神奈川県","神奈川県小田原市中里208 ダイナシティウエスト 3階","35.2839700","139.1856230","ガチャ専門店","","https://toshin.jpn.com/shop/%e3%83%80%e3%82%a4%e3%83%8a%e3%82%b7%e3%83%86%e3%82%a3%e3%82%a6%e3%82%a8%e3%82%b9%e3%83%88%e5%ba%97/","2026-07-18"
"#C-pla イオンモール上尾店","#C-pla（シープラ）","埼玉県","埼玉県上尾市愛宕3丁目8-1 イオンモール上尾 2階","35.9650760","139.5980680","ガチャ専門店","","https://toshin.jpn.com/shop/%e3%82%a4%e3%82%aa%e3%83%b3%e3%83%a2%e3%83%bc%e3%83%ab%e4%b8%8a%e5%b0%be%e5%ba%97/","2026-07-18"
"#C-pla イオンモール千葉ニュータウン店","#C-pla（シープラ）","千葉県","千葉県印西市中央北3丁目2 イオンモール千葉ニュータウン モール棟3階","35.8022120","140.1121830","ガチャ専門店","","https://toshin.jpn.com/shop/%e3%82%a4%e3%82%aa%e3%83%b3%e3%83%a2%e3%83%bc%e3%83%ab%e5%8d%83%e8%91%89%e3%83%8b%e3%83%a5%e3%83%bc%e3%82%bf%e3%82%a6%e3%83%b3%e5%ba%97/","2026-07-18"
"#C-pla ザ・モール仙台長町店","#C-pla（シープラ）","宮城県","宮城県仙台市太白区長町7丁目20-15 ザ・モール仙台長町パート2 2階","38.2258220","140.8768620","ガチャ専門店","","https://toshin.jpn.com/shop/%e3%82%b6%e3%83%bb%e3%83%a2%e3%83%bc%e3%83%ab%e4%bb%99%e5%8f%b0%e9%95%b7%e7%94%ba%e5%ba%97/","2026-07-18"
"#C-pla イオン帯広店","#C-pla（シープラ）","北海道","北海道帯広市西4条南20丁目1番地 イオン帯広 1階","42.9088750","143.2006840","ガチャ専門店","","https://toshin.jpn.com/shop/%e3%82%a4%e3%82%aa%e3%83%b3%e5%b8%af%e5%ba%83%e5%ba%97/","2026-07-18"
"#C-pla イオン千歳店","#C-pla（シープラ）","北海道","北海道千歳市栄町6丁目51 イオン千歳 2階","42.8289990","141.6482700","ガチャ専門店","","https://toshin.jpn.com/shop/%e3%82%a4%e3%82%aa%e3%83%b3%e5%8d%83%e6%ad%b3%e5%ba%97/","2026-07-18"
"#C-pla SUNAMO店&GASHAPON® OFFICIALSHOP","#C-pla（シープラ）","東京都","東京都江東区新砂3丁目4-31 南砂町ショッピングセンタースナモ 3階","35.6654850","139.8344880","ガチャ専門店","","https://toshin.jpn.com/shop/sunamo%e5%ba%97/","2026-07-18"
"#C-pla イオンモール三川店","#C-pla（シープラ）","山形県","山形県東田川郡三川町大字猪子字和田庫128-1 イオンモール三川 2階","38.8157540","139.8356630","ガチャ専門店","","https://toshin.jpn.com/shop/%e3%82%a4%e3%82%aa%e3%83%b3%e3%83%a2%e3%83%bc%e3%83%ab%e4%b8%89%e5%b7%9d%e5%ba%97/","2026-07-18"
"#C-pla GACHAVA１｜仙台SELVA店","#C-pla（シープラ）","宮城県","宮城県仙台市泉区泉中央1丁目4-1 泉中央ショッピングセンタープラザ セルバ4階","38.3236390","140.8822170","ガチャ専門店","","https://toshin.jpn.com/shop/gachava/","2026-07-18"
"#C-pla イオンモール札幌発寒店","#C-pla（シープラ）","北海道","北海道札幌市西区発寒8条12丁目1番地 イオンモール札幌発寒 3階","43.0957910","141.2781830","ガチャ専門店","","https://toshin.jpn.com/shop/%e3%82%a4%e3%82%aa%e3%83%b3%e3%83%a2%e3%83%bc%e3%83%ab%e6%9c%ad%e5%b9%8c%e7%99%ba%e5%af%92%e5%ba%97/","2026-07-18"
"ドリームカプセル シーナシーナ 青森","ドリームカプセル","青森県","青森県青森市浜田1丁目14-1 CiiNA CiiNA 青森1F","40.8009220","140.7485960","ガチャ専門店","","https://www.dreamcapsule.co.jp/shop/79","2026-07-18"
"ドリームカプセル 三井アウトレットパーク仙台港","ドリームカプセル","宮城県","宮城県仙台市宮城野区中野3丁目7-2 三井アウトレットパーク仙台港2F","38.2727970","140.9878850","ガチャ専門店","","https://www.dreamcapsule.co.jp/shop/87","2026-07-18"
"ドリームカプセル イオンモール名取","ドリームカプセル","宮城県","宮城県名取市杜せきのした5丁目3-1 イオンモール名取3F","38.1637310","140.8957820","ガチャ専門店","","https://www.dreamcapsule.co.jp/shop/91","2026-07-18"
"ドリームカプセル イオンモール水戸内原","ドリームカプセル","茨城県","茨城県水戸市内原2丁目1番地 イオンモール水戸内原3F","36.3745610","140.3588410","ガチャ専門店","","https://www.dreamcapsule.co.jp/shop/96","2026-07-18"
"ドリームカプセル イオンモールつくば","ドリームカプセル","茨城県","茨城県つくば市稲岡66-1 イオンモールつくば3F","36.0345950","140.1327210","ガチャ専門店","","https://www.dreamcapsule.co.jp/shop/98","2026-07-18"
"ドリームカプセル 那須ガーデンアウトレット","ドリームカプセル","栃木県","栃木県那須塩原市塩野崎184-7 那須ガーデンアウトレット ミドルエリア","36.9658930","139.9913640","ガチャ専門店","","https://www.dreamcapsule.co.jp/shop/101","2026-07-18"
"ドリームカプセル 高崎オーパ","ドリームカプセル","群馬県","群馬県高崎市八島町46-1 高崎オーパ5F","36.3231510","139.0110020","ガチャ専門店","","https://www.dreamcapsule.co.jp/shop/104","2026-07-18"
"ドリームカプセル ウニクス上里","ドリームカプセル","埼玉県","埼玉県児玉郡上里町大字七本木字古新田西2272-1 UNICUS上里2階","36.2415200","139.1500400","ガチャ専門店","","https://www.dreamcapsule.co.jp/shop/107","2026-07-18"
"ドリームカプセル 草加マルイ","ドリームカプセル","埼玉県","埼玉県草加市高砂2丁目9-1 草加マルイ5F","35.8284000","139.8045500","ガチャ専門店","","https://www.dreamcapsule.co.jp/shop/110","2026-07-18"
"ドリームカプセル 大宮マルイ","ドリームカプセル","埼玉県","埼玉県さいたま市大宮区桜木町2-3 大宮マルイ6F","35.9069900","139.6217960","ガチャ専門店","","https://www.dreamcapsule.co.jp/shop/113","2026-07-18"
"ドリームカプセル アリオ鷲宮","ドリームカプセル","埼玉県","埼玉県久喜市久本寺谷田7番地1 アリオ鷲宮2F","36.0786670","139.6613310","ガチャ専門店","","https://www.dreamcapsule.co.jp/shop/116","2026-07-18"
"ドリームカプセル プレナ幕張","ドリームカプセル","千葉県","千葉県千葉市美浜区ひび野2丁目4番地 プレナ幕張2F","35.6478920","140.0404050","ガチャ専門店","","https://www.dreamcapsule.co.jp/shop/119","2026-07-18"
"ドリームカプセル イトーヨーカドー八王子","ドリームカプセル","東京都","東京都八王子市狭間町1462-1 イトーヨーカドー八王子3F","35.6375850","139.2929690","ガチャ専門店","","https://www.dreamcapsule.co.jp/shop/122","2026-07-18"
"ドリームカプセル 吉祥寺マルイ","ドリームカプセル","東京都","東京都武蔵野市吉祥寺南町1丁目7-1 吉祥寺マルイ2F","35.7022630","139.5791930","ガチャ専門店","","https://www.dreamcapsule.co.jp/shop/125","2026-07-18"
"ドリームカプセル 上野マルイ","ドリームカプセル","東京都","東京都台東区上野6-15-1 上野マルイ2F","35.7102320","139.7757870","ガチャ専門店","","https://www.dreamcapsule.co.jp/shop/128","2026-07-18"
"ドリームカプセル イオンモール多摩平の森","ドリームカプセル","東京都","東京都日野市多摩平2丁目4番1 イオンモール多摩平の森3F","35.6624370","139.3809200","ガチャ専門店","","https://www.dreamcapsule.co.jp/shop/131","2026-07-18"
"ドリームカプセル MAGNET by SHIBUYA109","ドリームカプセル","東京都","東京都渋谷区神南1-23-10 MAGNET by SHIBUYA109 5F","35.6597710","139.7007750","ガチャ専門店","","https://www.dreamcapsule.co.jp/shop/134","2026-07-18"
"ドリームカプセル 横浜四季の森フォレオ","ドリームカプセル","神奈川県","神奈川県横浜市旭区上白根3丁目41-1 横浜四季の森フォレオ3階","35.4985850","139.5411380","ガチャ専門店","","https://www.dreamcapsule.co.jp/shop/2262","2026-07-18"
"ドリームカプセル 海老名マルイ","ドリームカプセル","神奈川県","神奈川県海老名市中央1-6-1 海老名マルイ5F","35.4527470","139.3931270","ガチャ専門店","","https://www.dreamcapsule.co.jp/shop/137","2026-07-18"
"ドリームカプセル THE OUTLETS SHONAN HIRATSUKA","ドリームカプセル","神奈川県","神奈川県平塚市大神八丁目1番1号 THE OUTLETS SHONAN HIRATSUKA 2207区画","35.3926200","139.3650820","ガチャ専門店","","https://www.dreamcapsule.co.jp/shop/140","2026-07-18"
"ドリームカプセル パティオ上越","ドリームカプセル","新潟県","新潟県上越市富岡539-2 パティオ上越A棟1F","37.1423150","138.2623290","ガチャ専門店","","https://www.dreamcapsule.co.jp/shop/143","2026-07-18"
"ドリームカプセル イオンモールとなみ","ドリームカプセル","富山県","富山県砺波市中神1丁目174番地 イオンモールとなみ 2階","36.6416360","136.9476620","ガチャ専門店","","https://www.dreamcapsule.co.jp/shop/2288","2026-07-18"
"ドリームカプセル イオンモール新小松","ドリームカプセル","石川県","石川県小松市清六町315 イオンモール新小松 2Fフードフォレスト内","36.3951450","136.4620510","ガチャ専門店","","https://www.dreamcapsule.co.jp/shop/146","2026-07-18"
"ドリームカプセル イオンモール佐久平","ドリームカプセル","長野県","長野県佐久市佐久平駅南11-10 イオンモール佐久平2F","36.2754970","138.4643250","ガチャ専門店","","https://www.dreamcapsule.co.jp/shop/149","2026-07-18"
"ドリームカプセル イオンモール松本","ドリームカプセル","長野県","長野県松本市中央4丁目9番51 イオンモール松本晴庭3F","36.2336350","137.9783330","ガチャ専門店","","https://www.dreamcapsule.co.jp/shop/152","2026-07-18"
"ドリームカプセル 土岐プレミアム・アウトレット","ドリームカプセル","岐阜県","岐阜県土岐市土岐ヶ丘1丁目2 土岐プレミアム・アウトレット","35.3406220","137.1651760","ガチャ専門店","","https://www.dreamcapsule.co.jp/shop/2265","2026-07-18"
"ドリームカプセル MASA21","ドリームカプセル","岐阜県","岐阜県岐阜市正木中1丁目2番1号 MASA21 2F","35.4467930","136.7457430","ガチャ専門店","","https://www.dreamcapsule.co.jp/shop/154","2026-07-18"
"ドリームカプセル イオンモール各務原インター","ドリームカプセル","岐阜県","岐阜県各務原市那加萱場町3-8 イオンモール各務原インター3F","35.3924180","136.8239750","ガチャ専門店","","https://www.dreamcapsule.co.jp/shop/157","2026-07-18"
"ドリームカプセル アクアウォーク大垣","ドリームカプセル","岐阜県","岐阜県大垣市林町六丁目80番21 アクアウォーク大垣2F","35.3698840","136.6172330","ガチャ専門店","","https://www.dreamcapsule.co.jp/shop/160","2026-07-18"
"ドリームカプセル イオンモール大垣","ドリームカプセル","岐阜県","岐阜県大垣市外野2丁目100番地 イオンモール大垣2F","35.3369670","136.6137080","ガチャ専門店","","https://www.dreamcapsule.co.jp/shop/163","2026-07-18"
"ドリームカプセル 遠鉄百貨店","ドリームカプセル","静岡県","静岡県浜松市中央区砂山町320-2 遠鉄百貨店 本館5階","34.7037810","137.7344510","ガチャ専門店","","https://www.dreamcapsule.co.jp/shop/165","2026-07-18"
"ドリームカプセル イオンモール富士宮","ドリームカプセル","静岡県","静岡県富士宮市浅間町1番8号 イオンモール富士宮2F","35.2206190","138.6135100","ガチャ専門店","","https://www.dreamcapsule.co.jp/shop/168","2026-07-18"
"ドリームカプセル イオンモール浜松市野","ドリームカプセル","静岡県","静岡県浜松市中央区天王町字諏訪1981-3 イオンモール浜松市野2F","34.7386440","137.7637330","ガチャ専門店","","https://www.dreamcapsule.co.jp/shop/171","2026-07-18"
"ドリームカプセル イオンタウン千種","ドリームカプセル","愛知県","愛知県名古屋市千種区千種2丁目16-13 イオンタウン千種 本館2F","35.1609120","136.9238280","ガチャ専門店","","https://www.dreamcapsule.co.jp/shop/174","2026-07-18"
"ドリームカプセル イオンモール扶桑","ドリームカプセル","愛知県","愛知県丹羽郡扶桑町大字南山名高塚5の1 イオンモール扶桑1F","35.3623580","136.8980100","ガチャ専門店","","https://www.dreamcapsule.co.jp/shop/177","2026-07-18"
"ドリームカプセル 中部国際空港","ドリームカプセル","愛知県","愛知県常滑市セントレア1丁目1 番地 中部国際空港 第1ターミナル4階 スカイタウン","34.8585090","136.8090210","ガチャ専門店","","https://www.dreamcapsule.co.jp/shop/180","2026-07-18"
"ドリームカプセル Main Labo","ドリームカプセル","愛知県","愛知県名古屋市中区栄3丁目31-6 ロイヤルビル1F〜3F","35.1639980","136.9084470","ガチャ専門店","","https://www.dreamcapsule.co.jp/shop/183","2026-07-18"
"ドリームカプセル シャンピアポート","ドリームカプセル","愛知県","愛知県名古屋市昭和区白金3丁目6-24 シャンピアポート1F","35.1430090","136.9176940","ガチャ専門店","","https://www.dreamcapsule.co.jp/shop/186","2026-07-18"
"ドリームカプセル 名古屋栄セントラルパーク","ドリームカプセル","愛知県","愛知県名古屋市中区錦３丁目15-13先 セントラルパーク内37","35.1713710","136.9078220","ガチャ専門店","","https://www.dreamcapsule.co.jp/shop/189","2026-07-18"
"ドリームカプセル イオンタウン名西","ドリームカプセル","愛知県","愛知県名古屋市西区香呑町6丁目49番地1 イオンタウン名西2F","35.2040410","136.8924870","ガチャ専門店","","https://www.dreamcapsule.co.jp/shop/192","2026-07-18"
"ドリームカプセル マーケットスクエアささしま","ドリームカプセル","愛知県","愛知県名古屋市中村区平池町4丁目60番14号 マーケットスクエアささしま内","35.1617200","136.8825530","ガチャ専門店","","https://www.dreamcapsule.co.jp/shop/198","2026-07-18"
"ドリームカプセル プライムツリー赤池","ドリームカプセル","愛知県","愛知県日進市赤池町箕ノ手1番 プライムツリー赤池3F","35.1171230","137.0217590","ガチャ専門店","","https://www.dreamcapsule.co.jp/shop/201","2026-07-18"
"ドリームカプセル イオンモール岡崎","ドリームカプセル","愛知県","愛知県岡崎市戸崎町字外山38-5 イオンモール岡崎3F","34.9363980","137.1629790","ガチャ専門店","","https://www.dreamcapsule.co.jp/shop/204","2026-07-18"
"ドリームカプセル イオンモール長久手","ドリームカプセル","愛知県","愛知県長久手市勝入塚501番地 イオンモール長久手3F","35.1730920","137.0503390","ガチャ専門店","","https://www.dreamcapsule.co.jp/shop/207","2026-07-18"
"ドリームカプセル イオンモール東浦","ドリームカプセル","愛知県","愛知県知多郡東浦町大字緒川字旭13-2 イオンモール東浦1F","34.9825670","136.9718630","ガチャ専門店","","https://www.dreamcapsule.co.jp/shop/210","2026-07-18"
"ドリームカプセル 津チャム","ドリームカプセル","三重県","三重県津市羽所町","34.7332880","136.5109710","ガチャ専門店","","https://www.dreamcapsule.co.jp/shop/2327","2026-07-18"
"ドリームカプセル イオンタウン松阪船江","ドリームカプセル","三重県","三重県松阪市船江町1392-27 イオンタウン松阪船江 A棟2階","34.5941050","136.5235290","ガチャ専門店","","https://www.dreamcapsule.co.jp/shop/213","2026-07-18"
"ドリームカプセル そよら鈴鹿白子","ドリームカプセル","三重県","三重県鈴鹿市白子駅前3番1号 そよら鈴鹿白子2F","34.8371730","136.5916140","ガチャ専門店","","https://www.dreamcapsule.co.jp/shop/216","2026-07-18"
"ドリームカプセル イオンモール桑名","ドリームカプセル","三重県","三重県桑名市新西方1-22 イオンモール桑名3F","35.0722120","136.6625520","ガチャ専門店","","https://www.dreamcapsule.co.jp/shop/219","2026-07-18"
"ドリームカプセル イオンモール鈴鹿","ドリームカプセル","三重県","三重県鈴鹿市庄野羽山4丁目1-2 イオンモール鈴鹿2F","34.8737600","136.5331420","ガチャ専門店","","https://www.dreamcapsule.co.jp/shop/221","2026-07-18"
"ドリームカプセル イオンタウン彦根","ドリームカプセル","滋賀県","滋賀県彦根市古沢町255-1 イオンタウン彦根 専門店棟1F","35.2714040","136.2679900","ガチャ専門店","","https://www.dreamcapsule.co.jp/shop/224","2026-07-18"
"ドリームカプセル イオンモール草津","ドリームカプセル","滋賀県","滋賀県草津市新浜町300 イオンモール草津 モール棟3F","34.9981800","135.9121250","ガチャ専門店","","https://www.dreamcapsule.co.jp/shop/227","2026-07-18"
"ドリームカプセル イオンモールKYOTO","ドリームカプセル","京都府","京都府京都市南区西九条鳥居口町1番地 イオンモールKYOTO4F","34.9827190","135.7545320","ガチャ専門店","","https://www.dreamcapsule.co.jp/shop/230","2026-07-18"
"ドリームカプセル West Labo","ドリームカプセル","大阪府","大阪府枚方市岡東町19-1 HIRAKATA MALL 2F","34.8146170","135.6461790","ガチャ専門店","","https://www.dreamcapsule.co.jp/shop/234","2026-07-18"
"ドリームカプセル 京阪百貨店守口店","ドリームカプセル","大阪府","大阪府守口市河原町8番3号 京阪百貨店守口店6F","34.7365300","135.5675510","ガチャ専門店","","https://www.dreamcapsule.co.jp/shop/238","2026-07-18"
"ドリームカプセル イオンタウン松原","ドリームカプセル","大阪府","大阪府松原市新堂4-1154 イオンタウン松原2F","34.5666430","135.5521850","ガチャ専門店","","https://www.dreamcapsule.co.jp/shop/241","2026-07-18"
"ドリームカプセル イオンモールりんくう泉南","ドリームカプセル","大阪府","大阪府泉南市りんくう南浜3-12 イオンモールりんくう泉南2F","34.3829920","135.2671970","ガチャ専門店","","https://www.dreamcapsule.co.jp/shop/245","2026-07-18"
"ドリームカプセル イオンモール四條畷","ドリームカプセル","大阪府","大阪府四條畷市砂四丁目3番2号 イオンモール四條畷1F","34.7449380","135.6312260","ガチャ専門店","","https://www.dreamcapsule.co.jp/shop/249","2026-07-18"
"ドリームカプセル イオンモール大阪ドームシティ","ドリームカプセル","大阪府","大阪府大阪市西区千代崎三丁目13番1 イオンモール大阪ドームシティ3F","34.6694870","135.4773410","ガチャ専門店","","https://www.dreamcapsule.co.jp/shop/252","2026-07-18"
"ドリームカプセル エキソアレ西神中央","ドリームカプセル","兵庫県","兵庫県神戸市西区糀台5丁目9-4 エキソアレ西神中央2F","34.7194560","135.0175930","ガチャ専門店","","https://www.dreamcapsule.co.jp/shop/256","2026-07-18"
"ドリームカプセル イオンモール神戸南","ドリームカプセル","兵庫県","兵庫県神戸市兵庫区中之島二丁目1番1 イオンモール神戸南内","34.6653670","135.1744380","ガチャ専門店","","https://www.dreamcapsule.co.jp/shop/260","2026-07-18"
"ドリームカプセル イオンモール加西北条","ドリームカプセル","兵庫県","兵庫県加西市北条町北条308番地の1 イオンモール加西北条2F","34.9305150","134.8282170","ガチャ専門店","","https://www.dreamcapsule.co.jp/shop/263","2026-07-18"
"ドリームカプセル 神戸ハーバーランドumie","ドリームカプセル","兵庫県","兵庫県神戸市中央区東川崎町一丁目7番2号 神戸ハーバーランドumie サウスモール4F","34.6795200","135.1826020","ガチャ専門店","","https://www.dreamcapsule.co.jp/shop/266","2026-07-18"
"ドリームカプセル トナリエ大和高田","ドリームカプセル","奈良県","奈良県大和高田市幸町3-18 トナリエ大和高田2F","34.5193060","135.7436370","ガチャ専門店","","https://www.dreamcapsule.co.jp/shop/269","2026-07-18"
"ドリームカプセル シャミネ鳥取","ドリームカプセル","鳥取県","鳥取県鳥取市東品治町111-1 シャミネ鳥取 本館","35.4949070","134.2234500","ガチャ専門店","","https://www.dreamcapsule.co.jp/shop/273","2026-07-18"
"ドリームカプセル イオンモール出雲","ドリームカプセル","島根県","島根県出雲市渡橋町1066 イオンモール出雲2F","35.3672030","132.7393490","ガチャ専門店","","https://www.dreamcapsule.co.jp/shop/277","2026-07-18"
"ドリームカプセル 三井アウトレットパーク倉敷","ドリームカプセル","岡山県","岡山県倉敷市寿町12-3 三井アウトレットパーク倉敷2F（区画2210）","34.6039510","133.7612460","ガチャ専門店","","https://www.dreamcapsule.co.jp/shop/281","2026-07-18"
"ドリームカプセル 紙屋町シャレオ","ドリームカプセル","広島県","広島県広島市中区基町 地下街100号 シャレオ東通りE15","34.4010960","132.4565120","ガチャ専門店","","https://www.dreamcapsule.co.jp/shop/284","2026-07-18"
"ドリームカプセル イオンタウン防府","ドリームカプセル","山口県","山口県防府市鐘紡町7-1 イオンタウン防府2F","34.0486910","131.5875850","ガチャ専門店","","https://www.dreamcapsule.co.jp/shop/288","2026-07-18"
"ドリームカプセル イオンモール徳島","ドリームカプセル","徳島県","徳島県徳島市南末広町4番1号 イオンモール徳島内","34.0630490","134.5731350","ガチャ専門店","","https://www.dreamcapsule.co.jp/shop/292","2026-07-18"
"ドリームカプセル イオンタウン宇多津","ドリームカプセル","香川県","香川県綾歌郡宇多津町浜二番丁16 イオンタウン宇多津2階","34.3075220","133.8090520","ガチャ専門店","","https://www.dreamcapsule.co.jp/shop/295","2026-07-18"
"ドリームカプセル イオンモール新居浜","ドリームカプセル","愛媛県","愛媛県新居浜市前田町8-8 イオンモール新居浜1F","33.9543570","133.2702330","ガチャ専門店","","https://www.dreamcapsule.co.jp/shop/299","2026-07-18"
"ドリームカプセル 高知アベニュー","ドリームカプセル","高知県","高知県高知市帯屋町1丁目13-23 帯屋町商店街内 アベニュービル2F","33.5604820","133.5388180","ガチャ専門店","","https://www.dreamcapsule.co.jp/shop/303","2026-07-18"
"ドリームカプセル THE OUTLETS KITAKYUSHU","ドリームカプセル","福岡県","福岡県北九州市八幡東区東田4丁目1-1 THE OUTLETS KITAKYUSHU","33.8740230","130.8106540","ガチャ専門店","","https://www.dreamcapsule.co.jp/shop/2067","2026-07-18"
"ドリームカプセル South Labo","ドリームカプセル","福岡県","福岡県福岡市中央区大名2丁目1番59号 大産西通ビル1〜3F","33.5887220","130.3963470","ガチャ専門店","","https://www.dreamcapsule.co.jp/shop/307","2026-07-18"
"ドリームカプセル ガーデンズ千早東","ドリームカプセル","福岡県","福岡県福岡市東区千早3丁目6番36号 エディオン ガーデンズ千早東店1F","33.6501310","130.4368290","ガチャ専門店","","https://www.dreamcapsule.co.jp/shop/311","2026-07-18"
"ドリームカプセル 博多マルイ","ドリームカプセル","福岡県","福岡県福岡市博多区博多駅中央街9-1 博多マルイ6F","33.5888400","130.4193570","ガチャ専門店","","https://www.dreamcapsule.co.jp/shop/315","2026-07-18"
"ドリームカプセル チャチャタウン小倉","ドリームカプセル","福岡県","福岡県北九州市小倉北区砂津3丁目1-1 チャチャタウン小倉1F","33.8828930","130.8880920","ガチャ専門店","","https://www.dreamcapsule.co.jp/shop/319","2026-07-18"
"ドリームカプセル イオンモール大牟田","ドリームカプセル","福岡県","福岡県大牟田市岬町3番4 イオンモール大牟田2F","33.0304720","130.4277650","ガチャ専門店","","https://www.dreamcapsule.co.jp/shop/323","2026-07-18"
"ドリームカプセル イオンモール筑紫野","ドリームカプセル","福岡県","福岡県筑紫野市立明寺434番地1 イオンモール筑紫野内 3F 本店 2F 2号店","33.4808730","130.5242920","ガチャ専門店","","https://www.dreamcapsule.co.jp/shop/326","2026-07-18"
"ドリームカプセル 長崎スタジアムシティ","ドリームカプセル","長崎県","長崎県長崎市幸町7-1 長崎スタジアムシティ NORTH 3F","32.7593310","129.8647000","ガチャ専門店","","https://www.dreamcapsule.co.jp/shop/330","2026-07-18"
"ドリームカプセル 沖縄アウトレットモールあしびなー","ドリームカプセル","沖縄県","沖縄県豊見城市豊崎1-188 沖縄アウトレットモールあしびなー2階","26.1581190","127.6551820","ガチャ専門店","","https://www.dreamcapsule.co.jp/shop/1991","2026-07-18"
"ドリームカプセル マックスバリュやいま","ドリームカプセル","沖縄県","沖縄県石垣市真栄里292-1","24.3365190","124.1815030","ガチャ専門店","","https://www.dreamcapsule.co.jp/shop/334","2026-07-18"
"ドリームカプセル 那覇オーパ","ドリームカプセル","沖縄県","沖縄県那覇市泉崎1丁目20-1 那覇オーパ2F","26.2114560","127.6759570","ガチャ専門店","","https://www.dreamcapsule.co.jp/shop/338","2026-07-18"
"ドリームカプセル イオンモール沖縄ライカム","ドリームカプセル","沖縄県","沖縄県中頭郡北中城村字ライカム1番地 イオンモール沖縄ライカム4F","26.3145750","127.7960430","ガチャ専門店","","https://www.dreamcapsule.co.jp/shop/342","2026-07-18"
"#C-pla イオンモール釧路昭和店","#C-pla（シープラ）","北海道","北海道釧路市昭和中央4丁目18-1 イオンモール釧路昭和2階","43.0263860","144.3599850","ガチャ専門店","","https://toshin.jpn.com/shop/%e3%82%a4%e3%82%aa%e3%83%b3%e3%83%a2%e3%83%bc%e3%83%ab%e9%87%a7%e8%b7%af%e6%98%ad%e5%92%8c%e5%ba%97/","2026-07-18"
"#C-pla イオンモール旭川駅前店","#C-pla（シープラ）","北海道","北海道旭川市宮下通7丁目2番5号 イオンモール旭川駅前3階","43.7644500","142.3580630","ガチャ専門店","","https://toshin.jpn.com/shop/%e3%82%a4%e3%82%aa%e3%83%b3%e3%83%a2%e3%83%bc%e3%83%ab%e6%97%ad%e5%b7%9d%e9%a7%85%e5%89%8d%e5%ba%97/","2026-07-18"
